timestamp,alertname,severity,service,instance,status,duration_sec,action_required
2026-07-04T12:56:51Z,DNSResolutionSlowSpike,warning,coredns,prod-node-3:9100,resolved,175,no
2026-07-04T18:07:16Z,NetworkReceiveDropRate,warning,network,prod-node-2:9100,resolved,122,no
2026-07-04T18:27:36Z,ContainerOOMKilledTransient,warning,app-worker,prod-node-1:9100,resolved,65,no
2026-07-04T19:07:19Z,NetworkReceiveDropRate,warning,network,prod-node-2:9100,resolved,107,no
2026-07-04T19:27:40Z,HighCPUUsage,warning,node-exporter,prod-node-1:9100,resolved,41,no
2026-07-04T19:28:48Z,InstanceDown,critical,infrastructure,prod-node-2:9100,firing,4011,yes
2026-07-04T19:30:45Z,HTTPClientSlowLatency,warning,api-gateway,prod-node-3:9100,resolved,102,no
2026-07-04T21:22:07Z,HTTPClientSlowLatency,warning,api-gateway,prod-node-1:9100,resolved,129,no
2026-07-04T22:30:09Z,DNSResolutionSlowSpike,warning,coredns,prod-node-1:9100,resolved,85,no
2026-07-04T23:01:37Z,NetworkReceiveDropRate,warning,network,prod-node-1:9100,resolved,154,no
2026-07-04T23:29:09Z,ContainerOOMKilledTransient,warning,app-worker,prod-node-3:9100,resolved,167,no
2026-07-05T00:39:41Z,NetworkReceiveDropRate,warning,network,prod-node-3:9100,resolved,106,no
2026-07-05T00:41:51Z,HTTPClientSlowLatency,warning,api-gateway,prod-node-2:9100,resolved,123,no
2026-07-05T04:12:26Z,HighCPUUsage,warning,node-exporter,prod-node-2:9100,resolved,117,no
2026-07-05T04:35:25Z,HighMemoryUsage,warning,node-exporter,prod-node-3:9100,resolved,175,no
2026-07-05T04:48:28Z,HighCPUUsage,warning,node-exporter,prod-node-3:9100,resolved,153,no
2026-07-05T05:41:01Z,NetworkReceiveDropRate,warning,network,prod-node-3:9100,resolved,88,no
2026-07-05T05:41:46Z,HTTPClientSlowLatency,warning,api-gateway,prod-node-2:9100,resolved,125,no
2026-07-05T06:11:27Z,HighMemoryUsage,warning,node-exporter,prod-node-3:9100,resolved,44,no
2026-07-05T07:15:13Z,HighContextSwitches,info,system,prod-node-2:9100,resolved,106,no
2026-07-05T08:43:59Z,ContainerOOMKilledTransient,warning,app-worker,prod-node-1:9100,resolved,163,no
2026-07-05T09:13:27Z,DNSResolutionSlowSpike,warning,coredns,prod-node-1:9100,resolved,46,no
2026-07-05T09:42:05Z,DNSResolutionSlowSpike,warning,coredns,prod-node-1:9100,resolved,88,no
2026-07-05T10:38:09Z,HighCPUUsage,warning,node-exporter,prod-node-3:9100,resolved,82,no
2026-07-05T12:03:28Z,TemporaryLockContention,warning,database,prod-node-2:9100,resolved,31,no
2026-07-05T12:06:00Z,DiskFillingFast,warning,node-exporter,prod-node-2:9100,resolved,54,no
2026-07-05T14:00:25Z,HighContextSwitches,info,system,prod-node-1:9100,resolved,175,no
2026-07-05T14:58:16Z,HighCPUUsage,warning,node-exporter,prod-node-3:9100,resolved,48,no
2026-07-05T15:35:52Z,TemporaryLockContention,warning,database,prod-node-1:9100,resolved,54,no
2026-07-05T16:21:52Z,HighCPUUsage,warning,node-exporter,prod-node-2:9100,resolved,141,no
2026-07-05T16:24:31Z,HighMemoryUsage,warning,node-exporter,prod-node-3:9100,resolved,52,no
2026-07-05T16:24:47Z,HighMemoryUsage,warning,node-exporter,prod-node-1:9100,resolved,28,no
2026-07-05T16:54:31Z,ContainerOOMKilledTransient,warning,app-worker,prod-node-3:9100,resolved,125,no
2026-07-05T17:11:15Z,HTTPClientSlowLatency,warning,api-gateway,prod-node-2:9100,resolved,68,no
2026-07-05T18:35:14Z,DiskFillingFast,warning,node-exporter,prod-node-2:9100,resolved,170,no
2026-07-05T19:11:31Z,HighCPUUsage,warning,node-exporter,prod-node-2:9100,resolved,138,no
2026-07-05T20:10:45Z,DiskFillingFast,warning,node-exporter,prod-node-1:9100,resolved,59,no
2026-07-05T21:04:36Z,HighCPUUsage,warning,node-exporter,prod-node-1:9100,resolved,174,no
2026-07-05T21:44:28Z,HighCPUUsage,warning,node-exporter,prod-node-1:9100,resolved,135,no
2026-07-05T21:58:12Z,HighCPUUsage,warning,node-exporter,prod-node-1:9100,resolved,120,no
2026-07-05T22:24:49Z,NetworkReceiveDropRate,warning,network,prod-node-3:9100,resolved,88,no
2026-07-05T23:32:04Z,HighContextSwitches,info,system,prod-node-1:9100,resolved,91,no
2026-07-05T23:44:26Z,NetworkReceiveDropRate,warning,network,prod-node-1:9100,resolved,42,no
2026-07-06T00:43:00Z,HighContextSwitches,info,system,prod-node-1:9100,resolved,82,no
2026-07-06T01:29:29Z,HighMemoryUsage,warning,node-exporter,prod-node-3:9100,resolved,140,no
2026-07-06T02:30:24Z,NetworkReceiveDropRate,warning,network,prod-node-3:9100,resolved,180,no
2026-07-06T04:01:06Z,HTTPClientSlowLatency,warning,api-gateway,prod-node-1:9100,resolved,156,no
2026-07-06T05:34:54Z,HighCPUUsage,warning,node-exporter,prod-node-1:9100,resolved,71,no
2026-07-06T05:39:35Z,HighCPUUsage,warning,node-exporter,prod-node-2:9100,resolved,136,no
2026-07-06T06:08:48Z,TemporaryLockContention,warning,database,prod-node-3:9100,resolved,98,no
2026-07-06T08:40:30Z,TemporaryLockContention,warning,database,prod-node-3:9100,resolved,108,no
2026-07-06T09:25:57Z,HighCPUUsage,warning,node-exporter,prod-node-2:9100,resolved,61,no
2026-07-06T09:35:43Z,ContainerOOMKilledTransient,warning,app-worker,prod-node-3:9100,resolved,171,no
2026-07-06T10:34:15Z,DiskFillingFast,warning,node-exporter,prod-node-3:9100,resolved,167,no
2026-07-06T12:14:55Z,HighContextSwitches,info,system,prod-node-3:9100,resolved,172,no
2026-07-06T12:18:05Z,HighCPUUsage,warning,node-exporter,prod-node-1:9100,resolved,147,no
2026-07-06T12:52:46Z,DiskFillingFast,warning,node-exporter,prod-node-3:9100,resolved,140,no
2026-07-06T12:56:38Z,DiskFillingFast,warning,node-exporter,prod-node-1:9100,resolved,98,no
2026-07-06T13:04:04Z,HighCPUUsage,warning,node-exporter,prod-node-2:9100,resolved,136,no
2026-07-06T13:09:53Z,ContainerOOMKilledTransient,warning,app-worker,prod-node-1:9100,resolved,146,no
2026-07-06T13:12:30Z,HTTPClientSlowLatency,warning,api-gateway,prod-node-2:9100,resolved,98,no
2026-07-06T13:39:10Z,NginxWorkerThreadStall,warning,ingress,prod-node-2:9100,resolved,85,no
2026-07-06T14:36:06Z,NetworkReceiveDropRate,warning,network,prod-node-1:9100,resolved,161,no
2026-07-06T16:49:19Z,TemporaryLockContention,warning,database,prod-node-3:9100,resolved,80,no
2026-07-06T16:59:48Z,DiskFillingFast,warning,node-exporter,prod-node-3:9100,resolved,48,no
2026-07-06T18:37:26Z,NetworkReceiveDropRate,warning,network,prod-node-2:9100,resolved,178,no
2026-07-06T18:44:19Z,HighCPUUsage,warning,node-exporter,prod-node-2:9100,resolved,156,no
2026-07-06T19:37:04Z,InstanceDown,critical,infrastructure,prod-node-1:9100,resolved,6967,yes
2026-07-06T22:16:04Z,HighMemoryUsage,warning,node-exporter,prod-node-2:9100,resolved,22,no
2026-07-06T22:18:08Z,ContainerOOMKilledTransient,warning,app-worker,prod-node-2:9100,resolved,93,no
2026-07-06T23:27:28Z,DiskFillingFast,warning,node-exporter,prod-node-1:9100,resolved,174,no
2026-07-06T23:40:32Z,NginxWorkerThreadStall,warning,ingress,prod-node-1:9100,resolved,94,no
2026-07-06T23:45:47Z,DNSResolutionSlowSpike,warning,coredns,prod-node-1:9100,resolved,79,no
2026-07-06T23:59:21Z,HTTPClientSlowLatency,warning,api-gateway,prod-node-3:9100,resolved,173,no
2026-07-07T01:44:39Z,HighCPUUsage,warning,node-exporter,prod-node-1:9100,resolved,48,no
2026-07-07T02:26:28Z,HighMemoryUsage,warning,node-exporter,prod-node-3:9100,resolved,67,no
2026-07-07T03:53:40Z,ContainerOOMKilledTransient,warning,app-worker,prod-node-2:9100,resolved,94,no
2026-07-07T05:22:18Z,HighCPUUsage,warning,node-exporter,prod-node-3:9100,resolved,28,no
2026-07-07T05:48:18Z,TemporaryLockContention,warning,database,prod-node-1:9100,resolved,148,no
2026-07-07T06:11:10Z,HighCPUUsage,warning,node-exporter,prod-node-3:9100,resolved,114,no
2026-07-07T06:55:56Z,DNSResolutionSlowSpike,warning,coredns,prod-node-2:9100,resolved,163,no
2026-07-07T07:16:32Z,HighMemoryUsage,warning,node-exporter,prod-node-3:9100,resolved,102,no
2026-07-07T07:32:57Z,HighCPUUsage,warning,node-exporter,prod-node-3:9100,resolved,154,no
2026-07-07T09:11:02Z,HighCPUUsage,warning,node-exporter,prod-node-3:9100,resolved,79,no
2026-07-07T09:39:40Z,HighCPUUsage,warning,node-exporter,prod-node-2:9100,resolved,172,no
2026-07-07T10:25:47Z,DiskFillingFast,warning,node-exporter,prod-node-2:9100,resolved,24,no
2026-07-07T11:21:07Z,DiskFillingFast,warning,node-exporter,prod-node-1:9100,resolved,177,no
2026-07-07T11:45:53Z,TemporaryLockContention,warning,database,prod-node-3:9100,resolved,140,no
2026-07-07T12:16:34Z,HighMemoryUsage,warning,node-exporter,prod-node-3:9100,resolved,38,no
2026-07-07T12:45:18Z,DiskFillingFast,warning,node-exporter,prod-node-2:9100,resolved,90,no
2026-07-07T12:52:22Z,HighCPUUsage,warning,node-exporter,prod-node-2:9100,resolved,130,no
2026-07-07T14:25:43Z,HighMemoryUsage,warning,node-exporter,prod-node-3:9100,resolved,92,no
2026-07-07T15:28:08Z,DiskFillingFast,warning,node-exporter,prod-node-2:9100,resolved,98,no
2026-07-07T16:56:06Z,HTTPClientSlowLatency,warning,api-gateway,prod-node-2:9100,resolved,83,no
2026-07-07T17:31:49Z,NginxWorkerThreadStall,warning,ingress,prod-node-1:9100,resolved,142,no
2026-07-07T17:37:47Z,DiskFillingFast,warning,node-exporter,prod-node-3:9100,resolved,57,no
2026-07-07T17:43:45Z,HighMemoryUsage,warning,node-exporter,prod-node-3:9100,resolved,105,no
2026-07-07T19:29:45Z,NetworkReceiveDropRate,warning,network,prod-node-3:9100,resolved,27,no
2026-07-07T20:14:36Z,DNSResolutionSlowSpike,warning,coredns,prod-node-1:9100,resolved,123,no
2026-07-07T21:24:26Z,TemporaryLockContention,warning,database,prod-node-3:9100,resolved,154,no
2026-07-07T23:23:14Z,DiskFillingFast,warning,node-exporter,prod-node-2:9100,resolved,81,no
2026-07-08T00:09:00Z,DiskFillingFast,warning,node-exporter,prod-node-1:9100,resolved,173,no
2026-07-08T00:09:30Z,HighCPUUsage,warning,node-exporter,prod-node-3:9100,resolved,172,no
2026-07-08T00:24:57Z,HighCPUUsage,warning,node-exporter,prod-node-3:9100,resolved,164,no
2026-07-08T01:22:42Z,HighMemoryUsage,warning,node-exporter,prod-node-1:9100,resolved,160,no
2026-07-08T01:56:33Z,TemporaryLockContention,warning,database,prod-node-2:9100,resolved,131,no
2026-07-08T02:34:26Z,ContainerOOMKilledTransient,warning,app-worker,prod-node-2:9100,resolved,73,no
2026-07-08T03:46:50Z,ContainerOOMKilledTransient,warning,app-worker,prod-node-2:9100,resolved,93,no
2026-07-08T03:59:02Z,ContainerOOMKilledTransient,warning,app-worker,prod-node-3:9100,resolved,24,no
2026-07-08T04:03:16Z,NetworkReceiveDropRate,warning,network,prod-node-1:9100,resolved,125,no
2026-07-08T05:20:46Z,ContainerOOMKilledTransient,warning,app-worker,prod-node-1:9100,resolved,135,no
2026-07-08T05:29:17Z,HighMemoryUsage,warning,node-exporter,prod-node-3:9100,resolved,140,no
2026-07-08T07:29:55Z,HighMemoryUsage,warning,node-exporter,prod-node-2:9100,resolved,166,no
2026-07-08T08:23:32Z,NetworkReceiveDropRate,warning,network,prod-node-3:9100,resolved,21,no
2026-07-08T08:26:59Z,HTTPClientSlowLatency,warning,api-gateway,prod-node-3:9100,resolved,164,no
2026-07-08T09:27:19Z,HighMemoryUsage,warning,node-exporter,prod-node-1:9100,resolved,101,no
2026-07-08T10:02:07Z,DiskFillingFast,warning,node-exporter,prod-node-2:9100,resolved,30,no
2026-07-08T11:05:24Z,DiskFillingFast,warning,node-exporter,prod-node-1:9100,resolved,45,no
2026-07-08T11:26:39Z,NginxWorkerThreadStall,warning,ingress,prod-node-3:9100,resolved,162,no
2026-07-08T11:30:20Z,NginxWorkerThreadStall,warning,ingress,prod-node-3:9100,resolved,160,no
2026-07-08T12:53:17Z,DNSResolutionSlowSpike,warning,coredns,prod-node-2:9100,resolved,71,no
2026-07-08T13:07:13Z,NetworkReceiveDropRate,warning,network,prod-node-3:9100,resolved,67,no
2026-07-08T13:12:02Z,DNSResolutionSlowSpike,warning,coredns,prod-node-3:9100,resolved,113,no
2026-07-08T13:12:04Z,DiskFillingFast,warning,node-exporter,prod-node-2:9100,resolved,111,no
2026-07-08T13:19:45Z,NetworkReceiveDropRate,warning,network,prod-node-3:9100,resolved,88,no
2026-07-08T13:43:04Z,HTTPClientSlowLatency,warning,api-gateway,prod-node-2:9100,resolved,111,no
2026-07-08T14:21:34Z,DiskFillingFast,warning,node-exporter,prod-node-3:9100,resolved,145,no
2026-07-08T14:59:07Z,HTTPClientSlowLatency,warning,api-gateway,prod-node-2:9100,resolved,164,no
2026-07-08T15:01:41Z,HighCPUUsage,warning,node-exporter,prod-node-2:9100,resolved,150,no
2026-07-08T15:50:38Z,ContainerOOMKilledTransient,warning,app-worker,prod-node-1:9100,resolved,166,no
2026-07-08T16:49:49Z,ContainerOOMKilledTransient,warning,app-worker,prod-node-3:9100,resolved,94,no
2026-07-08T18:50:55Z,HighCPUUsage,warning,node-exporter,prod-node-3:9100,resolved,149,no
2026-07-08T18:51:07Z,TemporaryLockContention,warning,database,prod-node-2:9100,resolved,39,no
2026-07-08T19:21:35Z,HighContextSwitches,info,system,prod-node-1:9100,resolved,111,no
2026-07-08T19:26:26Z,HighCPUUsage,warning,node-exporter,prod-node-2:9100,resolved,36,no
2026-07-08T19:51:31Z,HTTPClientSlowLatency,warning,api-gateway,prod-node-1:9100,resolved,155,no
2026-07-08T23:49:23Z,ContainerOOMKilledTransient,warning,app-worker,prod-node-1:9100,resolved,111,no
2026-07-09T00:54:11Z,NetworkReceiveDropRate,warning,network,prod-node-1:9100,resolved,127,no
2026-07-09T01:18:07Z,HighContextSwitches,info,system,prod-node-2:9100,resolved,155,no
2026-07-09T01:34:53Z,DNSResolutionSlowSpike,warning,coredns,prod-node-3:9100,resolved,134,no
2026-07-09T03:39:44Z,HighMemoryUsage,warning,node-exporter,prod-node-1:9100,resolved,95,no
2026-07-09T04:31:02Z,TemporaryLockContention,warning,database,prod-node-3:9100,resolved,145,no
2026-07-09T06:10:31Z,DiskFillingFast,warning,node-exporter,prod-node-3:9100,resolved,59,no
2026-07-09T07:54:42Z,HighContextSwitches,info,system,prod-node-1:9100,resolved,163,no
2026-07-09T09:44:01Z,TemporaryLockContention,warning,database,prod-node-3:9100,resolved,77,no
2026-07-09T09:46:58Z,InstanceDown,critical,infrastructure,prod-node-1:9100,resolved,3786,yes
2026-07-09T10:19:28Z,NetworkReceiveDropRate,warning,network,prod-node-1:9100,resolved,95,no
2026-07-09T12:20:28Z,HighMemoryUsage,warning,node-exporter,prod-node-3:9100,resolved,106,no
2026-07-09T15:52:14Z,HighMemoryUsage,warning,node-exporter,prod-node-3:9100,resolved,156,no
2026-07-09T16:09:34Z,HTTPClientSlowLatency,warning,api-gateway,prod-node-3:9100,resolved,43,no
2026-07-09T16:37:03Z,HTTPClientSlowLatency,warning,api-gateway,prod-node-2:9100,resolved,141,no
2026-07-09T16:47:35Z,DNSResolutionSlowSpike,warning,coredns,prod-node-3:9100,resolved,104,no
2026-07-09T17:02:25Z,DiskFillingFast,warning,node-exporter,prod-node-1:9100,resolved,160,no
2026-07-09T17:33:19Z,TemporaryLockContention,warning,database,prod-node-3:9100,resolved,43,no
2026-07-09T18:08:19Z,TemporaryLockContention,warning,database,prod-node-2:9100,resolved,37,no
2026-07-09T20:43:24Z,NetworkReceiveDropRate,warning,network,prod-node-1:9100,resolved,43,no
2026-07-09T20:59:31Z,ContainerOOMKilledTransient,warning,app-worker,prod-node-1:9100,resolved,103,no
2026-07-09T23:38:29Z,ContainerOOMKilledTransient,warning,app-worker,prod-node-2:9100,resolved,179,no
2026-07-10T00:02:25Z,DNSResolutionSlowSpike,warning,coredns,prod-node-2:9100,resolved,75,no
2026-07-10T00:19:11Z,HighCPUUsage,warning,node-exporter,prod-node-2:9100,resolved,81,no
2026-07-10T00:36:59Z,DNSResolutionSlowSpike,warning,coredns,prod-node-1:9100,resolved,142,no
2026-07-10T00:43:48Z,NetworkReceiveDropRate,warning,network,prod-node-3:9100,resolved,46,no
2026-07-10T00:49:26Z,HTTPClientSlowLatency,warning,api-gateway,prod-node-1:9100,resolved,73,no
2026-07-10T00:55:28Z,NginxWorkerThreadStall,warning,ingress,prod-node-3:9100,resolved,106,no
2026-07-10T02:13:41Z,HighCPUUsage,warning,node-exporter,prod-node-3:9100,resolved,89,no
2026-07-10T05:08:41Z,DiskFillingFast,warning,node-exporter,prod-node-2:9100,resolved,179,no
2026-07-10T05:16:33Z,TemporaryLockContention,warning,database,prod-node-3:9100,resolved,126,no
2026-07-10T06:17:38Z,ContainerOOMKilledTransient,warning,app-worker,prod-node-3:9100,resolved,57,no
2026-07-10T06:26:10Z,HighContextSwitches,info,system,prod-node-2:9100,resolved,96,no
2026-07-10T06:54:05Z,ContainerOOMKilledTransient,warning,app-worker,prod-node-1:9100,resolved,31,no
2026-07-10T07:10:45Z,HTTPClientSlowLatency,warning,api-gateway,prod-node-3:9100,resolved,131,no
2026-07-10T07:54:52Z,HighContextSwitches,info,system,prod-node-2:9100,resolved,79,no
2026-07-10T09:33:58Z,DNSResolutionSlowSpike,warning,coredns,prod-node-2:9100,resolved,89,no
2026-07-10T09:47:17Z,HighMemoryUsage,warning,node-exporter,prod-node-1:9100,resolved,94,no
2026-07-10T10:25:58Z,TemporaryLockContention,warning,database,prod-node-3:9100,resolved,122,no
2026-07-10T10:58:04Z,NetworkReceiveDropRate,warning,network,prod-node-2:9100,resolved,121,no
2026-07-10T11:05:22Z,NginxWorkerThreadStall,warning,ingress,prod-node-1:9100,resolved,104,no
2026-07-10T11:22:26Z,HTTPClientSlowLatency,warning,api-gateway,prod-node-2:9100,resolved,103,no
2026-07-10T13:00:43Z,HighCPUUsage,warning,node-exporter,prod-node-2:9100,resolved,134,no
2026-07-10T13:11:34Z,HighCPUUsage,warning,node-exporter,prod-node-1:9100,resolved,93,no
2026-07-10T13:41:18Z,DiskFillingFast,warning,node-exporter,prod-node-2:9100,resolved,75,no
2026-07-10T16:39:22Z,NetworkReceiveDropRate,warning,network,prod-node-3:9100,resolved,39,no
2026-07-10T16:47:21Z,HighMemoryUsage,warning,node-exporter,prod-node-2:9100,resolved,88,no
2026-07-10T17:47:11Z,TemporaryLockContention,warning,database,prod-node-2:9100,resolved,63,no
2026-07-10T18:40:33Z,HighContextSwitches,info,system,prod-node-3:9100,resolved,114,no
2026-07-10T18:43:14Z,HighMemoryUsage,warning,node-exporter,prod-node-1:9100,resolved,51,no
2026-07-10T19:49:10Z,HTTPClientSlowLatency,warning,api-gateway,prod-node-1:9100,resolved,98,no
2026-07-10T21:55:36Z,DiskFillingFast,warning,node-exporter,prod-node-1:9100,resolved,33,no
2026-07-10T22:27:30Z,ContainerOOMKilledTransient,warning,app-worker,prod-node-1:9100,resolved,133,no
2026-07-10T23:04:08Z,DNSResolutionSlowSpike,warning,coredns,prod-node-3:9100,resolved,65,no
2026-07-11T00:28:39Z,TemporaryLockContention,warning,database,prod-node-3:9100,resolved,68,no
2026-07-11T01:22:10Z,DiskFillingFast,warning,node-exporter,prod-node-3:9100,resolved,87,no
2026-07-11T02:02:33Z,DiskFillingFast,warning,node-exporter,prod-node-1:9100,resolved,41,no
2026-07-11T02:06:49Z,DiskFillingFast,warning,node-exporter,prod-node-2:9100,resolved,141,no
2026-07-11T02:20:17Z,HighCPUUsage,warning,node-exporter,prod-node-3:9100,resolved,144,no
2026-07-11T03:09:16Z,TemporaryLockContention,warning,database,prod-node-3:9100,resolved,67,no
2026-07-11T04:40:37Z,HighMemoryUsage,warning,node-exporter,prod-node-1:9100,resolved,41,no
2026-07-11T05:19:27Z,HighContextSwitches,info,system,prod-node-3:9100,resolved,167,no
2026-07-11T07:37:26Z,ContainerOOMKilledTransient,warning,app-worker,prod-node-2:9100,resolved,61,no
2026-07-11T08:27:08Z,HighCPUUsage,warning,node-exporter,prod-node-2:9100,resolved,178,no
2026-07-11T11:09:29Z,DiskFillingFast,warning,node-exporter,prod-node-2:9100,resolved,46,no
2026-07-11T12:57:06Z,HighCPUUsage,warning,node-exporter,prod-node-1:9100,resolved,103,no
2026-07-11T13:27:53Z,DiskFillingFast,warning,node-exporter,prod-node-1:9100,resolved,40,no
2026-07-11T16:04:17Z,HighContextSwitches,info,system,prod-node-2:9100,resolved,36,no
2026-07-11T17:12:17Z,HighCPUUsage,warning,node-exporter,prod-node-3:9100,resolved,63,no
2026-07-11T19:01:00Z,HighCPUUsage,warning,node-exporter,prod-node-2:9100,resolved,136,no
2026-07-11T19:24:02Z,HTTPClientSlowLatency,warning,api-gateway,prod-node-1:9100,resolved,138,no
2026-07-11T19:30:08Z,HighCPUUsage,warning,node-exporter,prod-node-3:9100,resolved,30,no
2026-07-11T20:57:48Z,ContainerOOMKilledTransient,warning,app-worker,prod-node-3:9100,resolved,79,no
2026-07-11T22:28:06Z,ContainerOOMKilledTransient,warning,app-worker,prod-node-2:9100,resolved,74,no
2026-07-11T23:04:16Z,DiskFillingFast,warning,node-exporter,prod-node-2:9100,resolved,34,no
2026-07-11T23:42:27Z,NetworkReceiveDropRate,warning,network,prod-node-3:9100,resolved,120,no
2026-07-11T23:59:35Z,ContainerOOMKilledTransient,warning,app-worker,prod-node-1:9100,resolved,68,no
2026-07-12T01:10:55Z,NetworkReceiveDropRate,warning,network,prod-node-1:9100,resolved,145,no
2026-07-12T01:35:15Z,DiskFillingFast,warning,node-exporter,prod-node-2:9100,resolved,152,no
2026-07-12T01:40:26Z,NetworkReceiveDropRate,warning,network,prod-node-3:9100,resolved,41,no
2026-07-12T02:09:00Z,HighMemoryUsage,warning,node-exporter,prod-node-2:9100,resolved,129,no
2026-07-12T03:27:44Z,DNSResolutionSlowSpike,warning,coredns,prod-node-3:9100,resolved,171,no
2026-07-12T03:58:22Z,DNSResolutionSlowSpike,warning,coredns,prod-node-3:9100,resolved,73,no
2026-07-12T04:03:39Z,HighMemoryUsage,warning,node-exporter,prod-node-2:9100,resolved,100,no
2026-07-12T05:04:54Z,HighCPUUsage,warning,node-exporter,prod-node-1:9100,resolved,124,no
2026-07-12T05:42:02Z,NetworkReceiveDropRate,warning,network,prod-node-3:9100,resolved,136,no
2026-07-12T07:07:09Z,NetworkReceiveDropRate,warning,network,prod-node-2:9100,resolved,173,no
2026-07-12T07:22:50Z,HighCPUUsage,warning,node-exporter,prod-node-3:9100,resolved,150,no
2026-07-12T07:53:10Z,DiskFillingFast,warning,node-exporter,prod-node-1:9100,resolved,143,no
2026-07-12T08:29:46Z,HighCPUUsage,warning,node-exporter,prod-node-1:9100,resolved,41,no
2026-07-12T08:30:06Z,DiskFillingFast,warning,node-exporter,prod-node-2:9100,resolved,160,no
2026-07-12T09:11:57Z,HighCPUUsage,warning,node-exporter,prod-node-3:9100,resolved,138,no
2026-07-12T09:18:32Z,TemporaryLockContention,warning,database,prod-node-2:9100,resolved,85,no
2026-07-12T09:39:46Z,NginxWorkerThreadStall,warning,ingress,prod-node-3:9100,resolved,23,no
2026-07-12T10:11:23Z,HighMemoryUsage,warning,node-exporter,prod-node-3:9100,resolved,61,no
2026-07-12T11:24:15Z,HighCPUUsage,warning,node-exporter,prod-node-2:9100,resolved,103,no
2026-07-12T13:23:43Z,HighMemoryUsage,warning,node-exporter,prod-node-3:9100,resolved,61,no
2026-07-12T19:21:40Z,DiskFillingFast,warning,node-exporter,prod-node-2:9100,resolved,180,no
2026-07-12T20:01:18Z,ContainerOOMKilledTransient,warning,app-worker,prod-node-2:9100,resolved,115,no
2026-07-12T20:26:44Z,DiskFillingFast,warning,node-exporter,prod-node-3:9100,resolved,119,no
2026-07-12T20:29:09Z,HighCPUUsage,warning,node-exporter,prod-node-1:9100,resolved,180,no
2026-07-12T22:00:30Z,DiskFillingFast,warning,node-exporter,prod-node-2:9100,resolved,171,no
2026-07-12T22:12:11Z,DiskFillingFast,warning,node-exporter,prod-node-2:9100,resolved,92,no
2026-07-12T22:58:31Z,DiskFillingFast,warning,node-exporter,prod-node-1:9100,resolved,65,no
2026-07-12T23:13:25Z,HighContextSwitches,info,system,prod-node-2:9100,resolved,111,no
2026-07-13T00:05:24Z,HighCPUUsage,warning,node-exporter,prod-node-2:9100,resolved,84,no
2026-07-13T00:20:36Z,DiskFillingFast,warning,node-exporter,prod-node-3:9100,resolved,20,no
2026-07-13T01:32:50Z,DiskFillingFast,warning,node-exporter,prod-node-3:9100,resolved,123,no
2026-07-13T01:33:57Z,NetworkReceiveDropRate,warning,network,prod-node-2:9100,resolved,101,no
2026-07-13T02:48:42Z,DNSResolutionSlowSpike,warning,coredns,prod-node-3:9100,resolved,38,no
2026-07-13T03:36:52Z,ContainerOOMKilledTransient,warning,app-worker,prod-node-3:9100,resolved,160,no
2026-07-13T03:49:51Z,ContainerOOMKilledTransient,warning,app-worker,prod-node-1:9100,resolved,63,no
2026-07-13T04:33:17Z,HighMemoryUsage,warning,node-exporter,prod-node-3:9100,resolved,68,no
2026-07-13T05:51:35Z,HTTPClientSlowLatency,warning,api-gateway,prod-node-2:9100,resolved,110,no
2026-07-13T07:13:42Z,HTTPClientSlowLatency,warning,api-gateway,prod-node-1:9100,resolved,160,no
2026-07-13T07:17:34Z,HighCPUUsage,warning,node-exporter,prod-node-2:9100,resolved,51,no
2026-07-13T07:30:45Z,DiskFillingFast,warning,node-exporter,prod-node-2:9100,resolved,149,no
2026-07-13T07:52:29Z,HighCPUUsage,warning,node-exporter,prod-node-1:9100,resolved,58,no
2026-07-13T08:19:13Z,DiskFillingFast,warning,node-exporter,prod-node-3:9100,resolved,122,no
2026-07-13T08:57:03Z,HighContextSwitches,info,system,prod-node-2:9100,resolved,21,no
2026-07-13T10:10:51Z,HighCPUUsage,warning,node-exporter,prod-node-2:9100,resolved,130,no
2026-07-13T10:55:00Z,TemporaryLockContention,warning,database,prod-node-2:9100,resolved,41,no
2026-07-13T13:38:51Z,NginxWorkerThreadStall,warning,ingress,prod-node-3:9100,resolved,73,no
2026-07-13T13:42:05Z,HighCPUUsage,warning,node-exporter,prod-node-3:9100,resolved,67,no
2026-07-13T14:29:06Z,NetworkReceiveDropRate,warning,network,prod-node-1:9100,resolved,162,no
2026-07-13T14:57:13Z,DiskFillingFast,warning,node-exporter,prod-node-2:9100,resolved,146,no
2026-07-13T15:37:34Z,HTTPClientSlowLatency,warning,api-gateway,prod-node-1:9100,resolved,29,no
2026-07-13T15:41:19Z,HighContextSwitches,info,system,prod-node-1:9100,resolved,161,no
2026-07-13T19:07:12Z,HighCPUUsage,warning,node-exporter,prod-node-2:9100,resolved,117,no
2026-07-13T20:47:29Z,DiskFillingFast,warning,node-exporter,prod-node-1:9100,resolved,175,no
2026-07-13T21:19:40Z,HighCPUUsage,warning,node-exporter,prod-node-3:9100,resolved,73,no
2026-07-13T21:30:52Z,HighMemoryUsage,warning,node-exporter,prod-node-2:9100,resolved,82,no
2026-07-13T22:15:52Z,NetworkReceiveDropRate,warning,network,prod-node-2:9100,resolved,127,no
2026-07-13T22:59:48Z,DNSResolutionSlowSpike,warning,coredns,prod-node-1:9100,resolved,167,no
2026-07-13T23:02:47Z,ContainerOOMKilledTransient,warning,app-worker,prod-node-2:9100,resolved,78,no
2026-07-13T23:32:57Z,HighMemoryUsage,warning,node-exporter,prod-node-3:9100,resolved,178,no
2026-07-13T23:45:41Z,HighMemoryUsage,warning,node-exporter,prod-node-1:9100,resolved,117,no
2026-07-14T00:03:36Z,TemporaryLockContention,warning,database,prod-node-1:9100,resolved,94,no
2026-07-14T00:20:27Z,NginxWorkerThreadStall,warning,ingress,prod-node-1:9100,resolved,148,no
2026-07-14T01:04:11Z,HighMemoryUsage,warning,node-exporter,prod-node-3:9100,resolved,54,no
2026-07-14T01:12:50Z,HighCPUUsage,warning,node-exporter,prod-node-3:9100,resolved,41,no
2026-07-14T02:03:18Z,HighContextSwitches,info,system,prod-node-1:9100,resolved,141,no
2026-07-14T03:22:48Z,HTTPClientSlowLatency,warning,api-gateway,prod-node-1:9100,resolved,82,no
2026-07-14T03:59:30Z,DNSResolutionSlowSpike,warning,coredns,prod-node-1:9100,resolved,178,no
2026-07-14T04:28:32Z,TemporaryLockContention,warning,database,prod-node-1:9100,resolved,121,no
2026-07-14T04:52:58Z,HighContextSwitches,info,system,prod-node-2:9100,resolved,172,no
2026-07-14T06:02:37Z,HighCPUUsage,warning,node-exporter,prod-node-3:9100,resolved,179,no
2026-07-14T07:16:18Z,HighCPUUsage,warning,node-exporter,prod-node-1:9100,resolved,118,no
2026-07-14T08:57:20Z,HTTPClientSlowLatency,warning,api-gateway,prod-node-1:9100,resolved,49,no
2026-07-14T09:26:37Z,HighCPUUsage,warning,node-exporter,prod-node-2:9100,resolved,144,no
2026-07-14T09:45:19Z,DiskFillingFast,warning,node-exporter,prod-node-2:9100,resolved,69,no
2026-07-14T10:09:49Z,HTTPClientSlowLatency,warning,api-gateway,prod-node-2:9100,resolved,85,no
2026-07-14T10:17:21Z,HighCPUUsage,warning,node-exporter,prod-node-3:9100,resolved,87,no
2026-07-14T10:27:40Z,HTTPClientSlowLatency,warning,api-gateway,prod-node-2:9100,resolved,40,no
2026-07-14T10:28:54Z,HighMemoryUsage,warning,node-exporter,prod-node-2:9100,resolved,83,no
2026-07-14T10:51:50Z,DiskFillingFast,warning,node-exporter,prod-node-1:9100,resolved,136,no
2026-07-14T11:05:44Z,TemporaryLockContention,warning,database,prod-node-1:9100,resolved,116,no
2026-07-14T11:40:47Z,HighMemoryUsage,warning,node-exporter,prod-node-1:9100,resolved,92,no
2026-07-14T12:35:15Z,DiskFillingFast,warning,node-exporter,prod-node-2:9100,resolved,160,no
2026-07-14T12:47:20Z,TemporaryLockContention,warning,database,prod-node-1:9100,resolved,175,no
2026-07-14T12:56:22Z,HighCPUUsage,warning,node-exporter,prod-node-2:9100,resolved,104,no
2026-07-14T12:59:48Z,NetworkReceiveDropRate,warning,network,prod-node-2:9100,resolved,48,no
2026-07-14T13:00:54Z,HighCPUUsage,warning,node-exporter,prod-node-3:9100,resolved,169,no
2026-07-14T14:23:06Z,DiskFillingFast,warning,node-exporter,prod-node-1:9100,resolved,50,no
2026-07-14T14:54:12Z,NginxWorkerThreadStall,warning,ingress,prod-node-3:9100,resolved,171,no
2026-07-14T16:43:42Z,DiskFillingFast,warning,node-exporter,prod-node-2:9100,resolved,34,no
2026-07-14T17:03:08Z,NetworkReceiveDropRate,warning,network,prod-node-2:9100,resolved,35,no
2026-07-14T17:57:21Z,HighCPUUsage,warning,node-exporter,prod-node-3:9100,resolved,86,no
2026-07-14T18:40:02Z,HighCPUUsage,warning,node-exporter,prod-node-1:9100,resolved,93,no
2026-07-14T18:51:48Z,HighCPUUsage,warning,node-exporter,prod-node-3:9100,resolved,153,no
2026-07-14T19:26:39Z,NetworkReceiveDropRate,warning,network,prod-node-3:9100,resolved,53,no
2026-07-14T19:37:08Z,HighContextSwitches,info,system,prod-node-1:9100,resolved,53,no
2026-07-14T20:00:20Z,DiskFillingFast,warning,node-exporter,prod-node-2:9100,resolved,167,no
2026-07-14T20:35:10Z,HighCPUUsage,warning,node-exporter,prod-node-2:9100,resolved,49,no
2026-07-14T21:13:26Z,HighCPUUsage,warning,node-exporter,prod-node-2:9100,resolved,155,no
2026-07-14T21:15:13Z,HighContextSwitches,info,system,prod-node-3:9100,resolved,52,no
2026-07-15T00:39:02Z,NetworkReceiveDropRate,warning,network,prod-node-1:9100,resolved,150,no
2026-07-15T02:03:31Z,DiskFillingFast,warning,node-exporter,prod-node-1:9100,resolved,107,no
2026-07-15T02:05:07Z,HighCPUUsage,warning,node-exporter,prod-node-3:9100,resolved,139,no
2026-07-15T02:11:52Z,HighContextSwitches,info,system,prod-node-2:9100,resolved,106,no
2026-07-15T03:41:10Z,TemporaryLockContention,warning,database,prod-node-1:9100,resolved,154,no
2026-07-15T04:02:17Z,NetworkReceiveDropRate,warning,network,prod-node-3:9100,resolved,116,no
2026-07-15T04:23:12Z,DiskFillingFast,warning,node-exporter,prod-node-2:9100,resolved,24,no
2026-07-15T05:05:25Z,NetworkReceiveDropRate,warning,network,prod-node-3:9100,resolved,43,no
2026-07-15T07:12:12Z,NetworkReceiveDropRate,warning,network,prod-node-2:9100,resolved,70,no
2026-07-15T07:30:41Z,HighMemoryUsage,warning,node-exporter,prod-node-2:9100,resolved,126,no
2026-07-15T08:12:01Z,NetworkReceiveDropRate,warning,network,prod-node-3:9100,resolved,115,no
2026-07-15T09:34:39Z,HighCPUUsage,warning,node-exporter,prod-node-1:9100,resolved,98,no
2026-07-15T09:50:32Z,NetworkReceiveDropRate,warning,network,prod-node-2:9100,resolved,29,no
2026-07-15T10:01:28Z,HighMemoryUsage,warning,node-exporter,prod-node-1:9100,resolved,104,no
2026-07-15T10:10:12Z,DiskFillingFast,warning,node-exporter,prod-node-1:9100,resolved,109,no
2026-07-15T10:17:04Z,HighMemoryUsage,warning,node-exporter,prod-node-3:9100,resolved,110,no
2026-07-15T10:19:02Z,HighCPUUsage,warning,node-exporter,prod-node-1:9100,resolved,33,no
2026-07-15T10:33:54Z,HighContextSwitches,info,system,prod-node-1:9100,resolved,92,no
2026-07-15T13:10:43Z,HTTPClientSlowLatency,warning,api-gateway,prod-node-3:9100,resolved,115,no
2026-07-15T14:11:42Z,ContainerOOMKilledTransient,warning,app-worker,prod-node-3:9100,resolved,112,no
2026-07-15T14:24:44Z,HighContextSwitches,info,system,prod-node-3:9100,resolved,159,no
2026-07-15T14:41:46Z,NginxWorkerThreadStall,warning,ingress,prod-node-3:9100,resolved,142,no
2026-07-15T14:45:15Z,NetworkReceiveDropRate,warning,network,prod-node-1:9100,resolved,27,no
2026-07-15T16:40:44Z,HighCPUUsage,warning,node-exporter,prod-node-1:9100,resolved,139,no
2026-07-15T16:55:22Z,HighMemoryUsage,warning,node-exporter,prod-node-3:9100,resolved,128,no
2026-07-15T18:53:41Z,HighContextSwitches,info,system,prod-node-2:9100,resolved,156,no
2026-07-15T19:29:12Z,TemporaryLockContention,warning,database,prod-node-2:9100,resolved,112,no
2026-07-15T21:15:30Z,TemporaryLockContention,warning,database,prod-node-3:9100,resolved,81,no
2026-07-15T22:34:49Z,HTTPClientSlowLatency,warning,api-gateway,prod-node-2:9100,resolved,104,no
2026-07-15T23:40:30Z,ContainerOOMKilledTransient,warning,app-worker,prod-node-1:9100,resolved,66,no
2026-07-15T23:43:47Z,ContainerOOMKilledTransient,warning,app-worker,prod-node-2:9100,resolved,174,no
2026-07-16T00:48:33Z,NetworkReceiveDropRate,warning,network,prod-node-3:9100,resolved,81,no
2026-07-16T01:30:31Z,HTTPClientSlowLatency,warning,api-gateway,prod-node-1:9100,resolved,157,no
2026-07-16T02:42:35Z,HighCPUUsage,warning,node-exporter,prod-node-3:9100,resolved,113,no
2026-07-16T04:01:20Z,HighCPUUsage,warning,node-exporter,prod-node-3:9100,resolved,120,no
2026-07-16T04:13:55Z,DNSResolutionSlowSpike,warning,coredns,prod-node-3:9100,resolved,138,no
2026-07-16T04:39:20Z,DNSResolutionSlowSpike,warning,coredns,prod-node-1:9100,resolved,83,no
2026-07-16T04:54:57Z,HTTPClientSlowLatency,warning,api-gateway,prod-node-2:9100,resolved,149,no
2026-07-16T05:26:32Z,HighMemoryUsage,warning,node-exporter,prod-node-1:9100,resolved,91,no
2026-07-16T06:26:37Z,HighContextSwitches,info,system,prod-node-1:9100,resolved,110,no
2026-07-16T06:52:57Z,HighContextSwitches,info,system,prod-node-3:9100,resolved,50,no
2026-07-16T12:16:42Z,NetworkReceiveDropRate,warning,network,prod-node-3:9100,resolved,88,no
2026-07-16T12:26:09Z,HighCPUUsage,warning,node-exporter,prod-node-3:9100,resolved,176,no
2026-07-16T13:08:21Z,HighCPUUsage,warning,node-exporter,prod-node-3:9100,resolved,108,no
2026-07-16T13:14:14Z,NetworkReceiveDropRate,warning,network,prod-node-3:9100,resolved,139,no
2026-07-16T13:20:17Z,DiskFillingFast,warning,node-exporter,prod-node-2:9100,resolved,142,no
2026-07-16T13:49:20Z,DNSResolutionSlowSpike,warning,coredns,prod-node-2:9100,resolved,79,no
2026-07-16T14:02:39Z,NetworkReceiveDropRate,warning,network,prod-node-2:9100,resolved,113,no
2026-07-16T14:32:56Z,HighMemoryUsage,warning,node-exporter,prod-node-3:9100,resolved,104,no
2026-07-16T15:10:05Z,HighContextSwitches,info,system,prod-node-2:9100,resolved,151,no
2026-07-16T16:30:22Z,HighMemoryUsage,warning,node-exporter,prod-node-2:9100,resolved,91,no
2026-07-16T17:36:39Z,NetworkReceiveDropRate,warning,network,prod-node-2:9100,resolved,22,no
2026-07-16T17:49:49Z,HTTPClientSlowLatency,warning,api-gateway,prod-node-1:9100,resolved,26,no
2026-07-16T17:58:50Z,HighCPUUsage,warning,node-exporter,prod-node-2:9100,resolved,126,no
2026-07-16T19:00:54Z,DiskFillingFast,warning,node-exporter,prod-node-3:9100,resolved,80,no
2026-07-16T19:05:18Z,HighMemoryUsage,warning,node-exporter,prod-node-1:9100,resolved,158,no
2026-07-16T19:32:32Z,HighCPUUsage,warning,node-exporter,prod-node-3:9100,resolved,22,no
2026-07-16T19:46:02Z,TemporaryLockContention,warning,database,prod-node-3:9100,resolved,53,no
2026-07-16T22:22:46Z,HighCPUUsage,warning,node-exporter,prod-node-3:9100,resolved,53,no
2026-07-16T22:32:17Z,DNSResolutionSlowSpike,warning,coredns,prod-node-3:9100,resolved,104,no
2026-07-17T01:29:43Z,DiskFillingFast,warning,node-exporter,prod-node-1:9100,resolved,176,no
2026-07-17T02:00:14Z,HTTPClientSlowLatency,warning,api-gateway,prod-node-1:9100,resolved,128,no
2026-07-17T02:06:33Z,HighContextSwitches,info,system,prod-node-1:9100,resolved,180,no
2026-07-17T02:53:38Z,ContainerOOMKilledTransient,warning,app-worker,prod-node-3:9100,resolved,39,no
2026-07-17T04:35:39Z,DiskFillingFast,warning,node-exporter,prod-node-3:9100,resolved,24,no
2026-07-17T05:06:26Z,HighMemoryUsage,warning,node-exporter,prod-node-2:9100,resolved,106,no
2026-07-17T07:38:19Z,HighCPUUsage,warning,node-exporter,prod-node-3:9100,resolved,106,no
2026-07-17T08:23:30Z,DiskFillingFast,warning,node-exporter,prod-node-1:9100,resolved,151,no
2026-07-17T08:37:16Z,NginxWorkerThreadStall,warning,ingress,prod-node-1:9100,resolved,83,no
2026-07-17T09:41:39Z,HighCPUUsage,warning,node-exporter,prod-node-3:9100,resolved,63,no
2026-07-17T10:23:20Z,HighMemoryUsage,warning,node-exporter,prod-node-2:9100,resolved,174,no
2026-07-17T11:38:52Z,NetworkReceiveDropRate,warning,network,prod-node-2:9100,resolved,164,no
2026-07-17T11:53:40Z,TemporaryLockContention,warning,database,prod-node-3:9100,resolved,123,no
2026-07-17T12:44:12Z,DiskFillingFast,warning,node-exporter,prod-node-2:9100,resolved,110,no
2026-07-17T16:22:33Z,HighMemoryUsage,warning,node-exporter,prod-node-2:9100,resolved,135,no
2026-07-17T16:54:34Z,HighCPUUsage,warning,node-exporter,prod-node-3:9100,resolved,62,no
2026-07-17T17:13:14Z,HighContextSwitches,info,system,prod-node-1:9100,resolved,130,no
2026-07-17T17:16:55Z,HighCPUUsage,warning,node-exporter,prod-node-2:9100,resolved,64,no
2026-07-17T18:48:41Z,NetworkReceiveDropRate,warning,network,prod-node-3:9100,resolved,90,no
2026-07-17T19:04:23Z,HighContextSwitches,info,system,prod-node-1:9100,resolved,171,no
2026-07-17T19:29:51Z,HighCPUUsage,warning,node-exporter,prod-node-2:9100,resolved,133,no
2026-07-17T19:51:10Z,HTTPClientSlowLatency,warning,api-gateway,prod-node-1:9100,resolved,102,no
2026-07-17T19:57:48Z,HTTPClientSlowLatency,warning,api-gateway,prod-node-1:9100,resolved,97,no
2026-07-17T20:27:21Z,TemporaryLockContention,warning,database,prod-node-3:9100,resolved,63,no
2026-07-17T21:42:16Z,HTTPClientSlowLatency,warning,api-gateway,prod-node-1:9100,resolved,50,no
2026-07-17T21:42:24Z,NginxWorkerThreadStall,warning,ingress,prod-node-1:9100,resolved,163,no
2026-07-18T02:50:51Z,HighMemoryUsage,warning,node-exporter,prod-node-1:9100,resolved,144,no
2026-07-18T05:30:05Z,NginxWorkerThreadStall,warning,ingress,prod-node-2:9100,resolved,96,no
2026-07-18T05:31:46Z,HTTPClientSlowLatency,warning,api-gateway,prod-node-2:9100,resolved,47,no
2026-07-18T07:51:24Z,HighMemoryUsage,warning,node-exporter,prod-node-1:9100,resolved,119,no
2026-07-18T09:25:56Z,TemporaryLockContention,warning,database,prod-node-1:9100,resolved,169,no
2026-07-18T09:48:50Z,DNSResolutionSlowSpike,warning,coredns,prod-node-3:9100,resolved,133,no
2026-07-18T09:56:44Z,TemporaryLockContention,warning,database,prod-node-3:9100,resolved,89,no
2026-07-18T10:03:47Z,ContainerOOMKilledTransient,warning,app-worker,prod-node-2:9100,resolved,69,no
2026-07-18T11:15:49Z,ContainerOOMKilledTransient,warning,app-worker,prod-node-1:9100,resolved,24,no
2026-07-18T14:50:22Z,HTTPClientSlowLatency,warning,api-gateway,prod-node-1:9100,resolved,60,no
2026-07-18T15:58:33Z,HighCPUUsage,warning,node-exporter,prod-node-3:9100,resolved,138,no
2026-07-18T17:08:15Z,NetworkReceiveDropRate,warning,network,prod-node-3:9100,resolved,95,no
2026-07-18T17:51:45Z,DiskFillingFast,warning,node-exporter,prod-node-3:9100,resolved,40,no
2026-07-18T18:17:34Z,DNSResolutionSlowSpike,warning,coredns,prod-node-1:9100,resolved,180,no
2026-07-18T18:46:24Z,HighContextSwitches,info,system,prod-node-1:9100,resolved,150,no
2026-07-18T18:58:59Z,HighMemoryUsage,warning,node-exporter,prod-node-3:9100,resolved,170,no
2026-07-18T19:28:36Z,DNSResolutionSlowSpike,warning,coredns,prod-node-2:9100,resolved,26,no
2026-07-18T19:42:20Z,HTTPClientSlowLatency,warning,api-gateway,prod-node-2:9100,resolved,130,no
2026-07-18T23:23:44Z,NginxWorkerThreadStall,warning,ingress,prod-node-2:9100,resolved,90,no
2026-07-18T23:50:14Z,HighCPUUsage,warning,node-exporter,prod-node-1:9100,resolved,20,no
2026-07-19T00:09:14Z,HighCPUUsage,warning,node-exporter,prod-node-1:9100,resolved,137,no
2026-07-19T01:19:24Z,DiskFillingFast,warning,node-exporter,prod-node-1:9100,resolved,97,no
2026-07-19T02:54:29Z,HighMemoryUsage,warning,node-exporter,prod-node-2:9100,resolved,35,no
2026-07-19T06:07:58Z,NetworkReceiveDropRate,warning,network,prod-node-3:9100,resolved,115,no
2026-07-19T07:00:23Z,TemporaryLockContention,warning,database,prod-node-1:9100,resolved,64,no
2026-07-19T08:26:20Z,NginxWorkerThreadStall,warning,ingress,prod-node-1:9100,resolved,100,no
2026-07-19T08:58:41Z,HighMemoryUsage,warning,node-exporter,prod-node-3:9100,resolved,175,no
2026-07-19T09:14:39Z,HighCPUUsage,warning,node-exporter,prod-node-2:9100,resolved,153,no
2026-07-19T09:58:04Z,HTTPClientSlowLatency,warning,api-gateway,prod-node-2:9100,resolved,162,no
2026-07-19T12:37:33Z,HighCPUUsage,warning,node-exporter,prod-node-3:9100,resolved,115,no
2026-07-19T12:43:22Z,ContainerOOMKilledTransient,warning,app-worker,prod-node-3:9100,resolved,144,no
2026-07-19T13:58:46Z,TemporaryLockContention,warning,database,prod-node-3:9100,resolved,108,no
2026-07-19T14:26:17Z,HighContextSwitches,info,system,prod-node-3:9100,resolved,68,no
2026-07-19T14:54:41Z,DNSResolutionSlowSpike,warning,coredns,prod-node-1:9100,resolved,134,no
2026-07-19T15:06:09Z,HighCPUUsage,warning,node-exporter,prod-node-3:9100,resolved,169,no
2026-07-19T15:28:24Z,HighCPUUsage,warning,node-exporter,prod-node-1:9100,resolved,78,no
2026-07-19T15:44:37Z,HighCPUUsage,warning,node-exporter,prod-node-1:9100,resolved,162,no
2026-07-19T17:07:14Z,TemporaryLockContention,warning,database,prod-node-3:9100,resolved,120,no
2026-07-19T18:05:07Z,HighContextSwitches,info,system,prod-node-1:9100,resolved,138,no
2026-07-19T20:05:27Z,HighCPUUsage,warning,node-exporter,prod-node-2:9100,resolved,161,no
2026-07-19T22:23:18Z,HighCPUUsage,warning,node-exporter,prod-node-3:9100,resolved,152,no
2026-07-19T22:33:46Z,NetworkReceiveDropRate,warning,network,prod-node-1:9100,resolved,71,no
2026-07-19T23:33:16Z,HighMemoryUsage,warning,node-exporter,prod-node-1:9100,resolved,123,no
2026-07-19T23:33:40Z,DiskFillingFast,warning,node-exporter,prod-node-1:9100,resolved,151,no
2026-07-19T23:48:09Z,HighMemoryUsage,warning,node-exporter,prod-node-3:9100,resolved,97,no
2026-07-20T00:12:22Z,DiskFillingFast,warning,node-exporter,prod-node-1:9100,resolved,32,no
2026-07-20T01:36:39Z,NginxWorkerThreadStall,warning,ingress,prod-node-2:9100,resolved,164,no
2026-07-20T02:16:51Z,NetworkReceiveDropRate,warning,network,prod-node-2:9100,resolved,167,no
2026-07-20T03:27:52Z,HTTPClientSlowLatency,warning,api-gateway,prod-node-2:9100,resolved,139,no
2026-07-20T04:46:18Z,HighMemoryUsage,warning,node-exporter,prod-node-1:9100,resolved,85,no
2026-07-20T04:53:08Z,DNSResolutionSlowSpike,warning,coredns,prod-node-1:9100,resolved,179,no
2026-07-20T05:52:46Z,NginxWorkerThreadStall,warning,ingress,prod-node-2:9100,resolved,159,no
2026-07-20T05:57:12Z,HighMemoryUsage,warning,node-exporter,prod-node-3:9100,resolved,77,no
2026-07-20T06:04:35Z,DNSResolutionSlowSpike,warning,coredns,prod-node-3:9100,resolved,30,no
2026-07-20T06:22:20Z,HighMemoryUsage,warning,node-exporter,prod-node-3:9100,resolved,52,no
2026-07-20T08:25:34Z,DNSResolutionSlowSpike,warning,coredns,prod-node-2:9100,resolved,87,no
2026-07-20T08:43:07Z,NginxWorkerThreadStall,warning,ingress,prod-node-3:9100,resolved,39,no
2026-07-20T09:23:58Z,DiskFillingFast,warning,node-exporter,prod-node-1:9100,resolved,31,no
2026-07-20T09:38:25Z,DiskFillingFast,warning,node-exporter,prod-node-2:9100,resolved,141,no
2026-07-20T11:56:46Z,NginxWorkerThreadStall,warning,ingress,prod-node-2:9100,resolved,72,no
2026-07-20T13:14:01Z,HighContextSwitches,info,system,prod-node-1:9100,resolved,146,no
2026-07-20T13:17:48Z,HighContextSwitches,info,system,prod-node-1:9100,resolved,28,no
2026-07-20T13:38:58Z,DNSResolutionSlowSpike,warning,coredns,prod-node-2:9100,resolved,91,no
2026-07-20T14:11:39Z,NetworkReceiveDropRate,warning,network,prod-node-1:9100,resolved,81,no
2026-07-20T15:51:01Z,HTTPClientSlowLatency,warning,api-gateway,prod-node-2:9100,resolved,80,no
2026-07-20T15:52:22Z,TemporaryLockContention,warning,database,prod-node-3:9100,resolved,120,no
2026-07-20T16:17:56Z,TemporaryLockContention,warning,database,prod-node-1:9100,resolved,118,no
2026-07-20T16:39:21Z,HighCPUUsage,warning,node-exporter,prod-node-3:9100,resolved,34,no
2026-07-20T20:49:05Z,DNSResolutionSlowSpike,warning,coredns,prod-node-2:9100,resolved,162,no
2026-07-20T21:06:05Z,NginxWorkerThreadStall,warning,ingress,prod-node-2:9100,resolved,42,no
2026-07-20T21:25:38Z,HighMemoryUsage,warning,node-exporter,prod-node-2:9100,resolved,89,no
2026-07-20T23:22:35Z,HighMemoryUsage,warning,node-exporter,prod-node-1:9100,resolved,114,no
2026-07-21T01:51:37Z,HighCPUUsage,warning,node-exporter,prod-node-2:9100,resolved,59,no
2026-07-21T02:00:12Z,HighCPUUsage,warning,node-exporter,prod-node-2:9100,resolved,70,no
2026-07-21T02:20:22Z,DiskFillingFast,warning,node-exporter,prod-node-1:9100,resolved,52,no
2026-07-21T02:31:08Z,ContainerOOMKilledTransient,warning,app-worker,prod-node-1:9100,resolved,68,no
2026-07-21T02:53:30Z,DiskFillingFast,warning,node-exporter,prod-node-3:9100,resolved,126,no
2026-07-21T02:56:20Z,TemporaryLockContention,warning,database,prod-node-3:9100,resolved,140,no
2026-07-21T03:11:50Z,HighCPUUsage,warning,node-exporter,prod-node-3:9100,resolved,32,no
2026-07-21T05:17:31Z,HTTPClientSlowLatency,warning,api-gateway,prod-node-3:9100,resolved,174,no
2026-07-21T07:42:15Z,NetworkReceiveDropRate,warning,network,prod-node-3:9100,resolved,114,no
2026-07-21T08:47:41Z,HighContextSwitches,info,system,prod-node-2:9100,resolved,122,no
2026-07-21T08:55:33Z,HighCPUUsage,warning,node-exporter,prod-node-1:9100,resolved,64,no
2026-07-21T10:25:53Z,DiskFillingFast,warning,node-exporter,prod-node-2:9100,resolved,171,no
2026-07-21T11:15:08Z,HTTPClientSlowLatency,warning,api-gateway,prod-node-3:9100,resolved,155,no
2026-07-21T12:00:03Z,HighCPUUsage,warning,node-exporter,prod-node-1:9100,resolved,99,no
2026-07-21T13:00:15Z,HighMemoryUsage,warning,node-exporter,prod-node-3:9100,resolved,92,no
2026-07-21T13:08:03Z,HighCPUUsage,warning,node-exporter,prod-node-1:9100,resolved,90,no
2026-07-21T13:19:09Z,HTTPClientSlowLatency,warning,api-gateway,prod-node-1:9100,resolved,66,no
2026-07-21T13:32:05Z,DiskFillingFast,warning,node-exporter,prod-node-2:9100,resolved,106,no
2026-07-21T13:45:53Z,HighCPUUsage,warning,node-exporter,prod-node-1:9100,resolved,50,no
2026-07-21T13:47:18Z,HighMemoryUsage,warning,node-exporter,prod-node-3:9100,resolved,55,no
2026-07-21T13:51:08Z,DiskFillingFast,warning,node-exporter,prod-node-3:9100,resolved,126,no
2026-07-21T13:57:45Z,DNSResolutionSlowSpike,warning,coredns,prod-node-3:9100,resolved,35,no
2026-07-21T14:29:01Z,HighCPUUsage,warning,node-exporter,prod-node-3:9100,resolved,109,no
2026-07-21T14:37:25Z,HTTPClientSlowLatency,warning,api-gateway,prod-node-1:9100,resolved,111,no
2026-07-21T14:47:11Z,DiskFillingFast,warning,node-exporter,prod-node-1:9100,resolved,137,no
2026-07-21T16:23:37Z,HighCPUUsage,warning,node-exporter,prod-node-1:9100,resolved,48,no
2026-07-21T16:44:34Z,HighCPUUsage,warning,node-exporter,prod-node-3:9100,resolved,76,no
2026-07-21T18:02:08Z,HTTPClientSlowLatency,warning,api-gateway,prod-node-3:9100,resolved,89,no
2026-07-21T18:20:09Z,ContainerOOMKilledTransient,warning,app-worker,prod-node-1:9100,resolved,134,no
2026-07-21T19:46:57Z,HTTPClientSlowLatency,warning,api-gateway,prod-node-2:9100,resolved,67,no
2026-07-21T22:59:28Z,NetworkReceiveDropRate,warning,network,prod-node-3:9100,resolved,31,no
2026-07-21T23:04:51Z,DiskFillingFast,warning,node-exporter,prod-node-2:9100,resolved,50,no
2026-07-21T23:13:59Z,HTTPClientSlowLatency,warning,api-gateway,prod-node-2:9100,resolved,20,no
2026-07-22T00:13:57Z,NginxWorkerThreadStall,warning,ingress,prod-node-1:9100,resolved,44,no
2026-07-22T00:58:04Z,DiskFillingFast,warning,node-exporter,prod-node-3:9100,resolved,60,no
2026-07-22T01:07:54Z,HTTPClientSlowLatency,warning,api-gateway,prod-node-1:9100,resolved,124,no
2026-07-22T02:44:40Z,NetworkReceiveDropRate,warning,network,prod-node-1:9100,resolved,69,no
2026-07-22T02:51:56Z,NginxWorkerThreadStall,warning,ingress,prod-node-2:9100,resolved,56,no
2026-07-22T03:51:20Z,HighMemoryUsage,warning,node-exporter,prod-node-2:9100,resolved,119,no
2026-07-22T05:07:04Z,HighCPUUsage,warning,node-exporter,prod-node-2:9100,resolved,91,no
2026-07-22T05:08:37Z,ContainerOOMKilledTransient,warning,app-worker,prod-node-3:9100,resolved,62,no
2026-07-22T05:22:13Z,DNSResolutionSlowSpike,warning,coredns,prod-node-2:9100,resolved,51,no
2026-07-22T05:33:10Z,NetworkReceiveDropRate,warning,network,prod-node-2:9100,resolved,82,no
2026-07-22T07:19:45Z,HTTPClientSlowLatency,warning,api-gateway,prod-node-1:9100,resolved,157,no
2026-07-22T07:28:14Z,DiskFillingFast,warning,node-exporter,prod-node-2:9100,resolved,79,no
2026-07-22T07:30:15Z,DiskFillingFast,warning,node-exporter,prod-node-1:9100,resolved,40,no
2026-07-22T08:32:03Z,DiskFillingFast,warning,node-exporter,prod-node-3:9100,resolved,67,no
2026-07-22T08:59:29Z,ContainerOOMKilledTransient,warning,app-worker,prod-node-2:9100,resolved,69,no
2026-07-22T09:42:58Z,NetworkReceiveDropRate,warning,network,prod-node-1:9100,resolved,172,no
2026-07-22T12:39:07Z,ContainerOOMKilledTransient,warning,app-worker,prod-node-2:9100,resolved,179,no
2026-07-22T13:37:01Z,HighMemoryUsage,warning,node-exporter,prod-node-3:9100,resolved,178,no
2026-07-22T13:45:24Z,HighCPUUsage,warning,node-exporter,prod-node-3:9100,resolved,21,no
2026-07-22T13:46:29Z,NetworkReceiveDropRate,warning,network,prod-node-2:9100,resolved,55,no
2026-07-22T15:45:37Z,DiskFillingFast,warning,node-exporter,prod-node-1:9100,resolved,38,no
2026-07-22T16:10:19Z,NetworkReceiveDropRate,warning,network,prod-node-2:9100,resolved,26,no
2026-07-22T16:23:10Z,HTTPClientSlowLatency,warning,api-gateway,prod-node-2:9100,resolved,91,no
2026-07-22T16:34:27Z,HighMemoryUsage,warning,node-exporter,prod-node-3:9100,resolved,156,no
2026-07-22T16:55:52Z,TemporaryLockContention,warning,database,prod-node-2:9100,resolved,165,no
2026-07-22T18:47:25Z,HighMemoryUsage,warning,node-exporter,prod-node-2:9100,resolved,123,no
2026-07-22T19:19:33Z,ContainerOOMKilledTransient,warning,app-worker,prod-node-2:9100,resolved,73,no
2026-07-22T20:02:42Z,HighContextSwitches,info,system,prod-node-2:9100,resolved,79,no
2026-07-22T23:07:06Z,DiskFillingFast,warning,node-exporter,prod-node-3:9100,resolved,126,no
2026-07-22T23:51:35Z,TemporaryLockContention,warning,database,prod-node-3:9100,resolved,98,no
2026-07-23T00:46:28Z,HTTPClientSlowLatency,warning,api-gateway,prod-node-1:9100,resolved,112,no
2026-07-23T00:53:41Z,NginxWorkerThreadStall,warning,ingress,prod-node-3:9100,resolved,77,no
2026-07-23T02:25:39Z,HighContextSwitches,info,system,prod-node-2:9100,resolved,21,no
2026-07-23T02:27:08Z,ContainerOOMKilledTransient,warning,app-worker,prod-node-2:9100,resolved,49,no
2026-07-23T02:34:21Z,DiskFillingFast,warning,node-exporter,prod-node-2:9100,resolved,95,no
2026-07-23T04:05:44Z,HighMemoryUsage,warning,node-exporter,prod-node-3:9100,resolved,56,no
2026-07-23T05:00:02Z,TemporaryLockContention,warning,database,prod-node-3:9100,resolved,83,no
2026-07-23T06:41:06Z,HighCPUUsage,warning,node-exporter,prod-node-2:9100,resolved,64,no
2026-07-23T07:41:31Z,NginxWorkerThreadStall,warning,ingress,prod-node-2:9100,resolved,42,no
2026-07-23T07:48:17Z,DNSResolutionSlowSpike,warning,coredns,prod-node-1:9100,resolved,40,no
2026-07-23T07:53:00Z,HighCPUUsage,warning,node-exporter,prod-node-3:9100,resolved,150,no
2026-07-23T08:35:43Z,HighMemoryUsage,warning,node-exporter,prod-node-1:9100,resolved,101,no
2026-07-23T08:49:42Z,NetworkReceiveDropRate,warning,network,prod-node-3:9100,resolved,61,no
2026-07-23T09:12:24Z,HighCPUUsage,warning,node-exporter,prod-node-1:9100,resolved,21,no
2026-07-23T10:16:17Z,NetworkReceiveDropRate,warning,network,prod-node-1:9100,resolved,179,no
2026-07-23T10:28:53Z,DNSResolutionSlowSpike,warning,coredns,prod-node-3:9100,resolved,174,no
2026-07-23T10:36:30Z,HTTPClientSlowLatency,warning,api-gateway,prod-node-3:9100,resolved,175,no
2026-07-23T11:41:52Z,HighCPUUsage,warning,node-exporter,prod-node-1:9100,resolved,112,no
2026-07-23T12:38:49Z,DiskFillingFast,warning,node-exporter,prod-node-2:9100,resolved,36,no
2026-07-23T12:59:10Z,HighCPUUsage,warning,node-exporter,prod-node-3:9100,resolved,81,no
2026-07-23T12:59:37Z,DiskFillingFast,warning,node-exporter,prod-node-3:9100,resolved,175,no
2026-07-23T13:02:51Z,HighContextSwitches,info,system,prod-node-1:9100,resolved,137,no
2026-07-23T14:02:39Z,DiskFillingFast,warning,node-exporter,prod-node-2:9100,resolved,172,no
2026-07-23T15:42:16Z,HTTPClientSlowLatency,warning,api-gateway,prod-node-1:9100,resolved,143,no
2026-07-23T18:27:30Z,HighMemoryUsage,warning,node-exporter,prod-node-2:9100,resolved,142,no
2026-07-23T19:57:36Z,TemporaryLockContention,warning,database,prod-node-2:9100,resolved,85,no
2026-07-23T20:32:08Z,NetworkReceiveDropRate,warning,network,prod-node-1:9100,resolved,151,no
2026-07-23T20:49:29Z,ContainerOOMKilledTransient,warning,app-worker,prod-node-3:9100,resolved,135,no
2026-07-23T22:03:02Z,HighMemoryUsage,warning,node-exporter,prod-node-3:9100,resolved,105,no
2026-07-23T22:58:21Z,NetworkReceiveDropRate,warning,network,prod-node-3:9100,resolved,92,no
2026-07-23T23:59:35Z,HighCPUUsage,warning,node-exporter,prod-node-1:9100,resolved,161,no
2026-07-24T00:07:48Z,ContainerOOMKilledTransient,warning,app-worker,prod-node-2:9100,resolved,30,no
2026-07-24T01:54:57Z,HTTPClientSlowLatency,warning,api-gateway,prod-node-2:9100,resolved,102,no
2026-07-24T02:12:13Z,HighMemoryUsage,warning,node-exporter,prod-node-3:9100,resolved,74,no
2026-07-24T02:35:07Z,DNSResolutionSlowSpike,warning,coredns,prod-node-3:9100,resolved,57,no
2026-07-24T03:14:00Z,ContainerOOMKilledTransient,warning,app-worker,prod-node-1:9100,resolved,109,no
2026-07-24T03:22:33Z,NetworkReceiveDropRate,warning,network,prod-node-3:9100,resolved,154,no
2026-07-24T03:58:27Z,DNSResolutionSlowSpike,warning,coredns,prod-node-2:9100,resolved,43,no
2026-07-24T04:20:54Z,HighCPUUsage,warning,node-exporter,prod-node-3:9100,resolved,146,no
2026-07-24T06:49:23Z,TemporaryLockContention,warning,database,prod-node-1:9100,resolved,114,no
2026-07-24T09:11:43Z,HighCPUUsage,warning,node-exporter,prod-node-3:9100,resolved,40,no
2026-07-24T09:15:43Z,TemporaryLockContention,warning,database,prod-node-2:9100,resolved,55,no
2026-07-24T09:17:45Z,HTTPClientSlowLatency,warning,api-gateway,prod-node-1:9100,resolved,79,no
2026-07-24T09:53:06Z,NginxWorkerThreadStall,warning,ingress,prod-node-3:9100,resolved,28,no
2026-07-24T10:02:58Z,HighMemoryUsage,warning,node-exporter,prod-node-3:9100,resolved,99,no
2026-07-24T10:40:42Z,HTTPClientSlowLatency,warning,api-gateway,prod-node-3:9100,resolved,89,no
2026-07-24T11:01:40Z,NginxWorkerThreadStall,warning,ingress,prod-node-2:9100,resolved,59,no
2026-07-24T13:15:17Z,HTTPClientSlowLatency,warning,api-gateway,prod-node-2:9100,resolved,179,no
2026-07-24T14:01:28Z,HighContextSwitches,info,system,prod-node-2:9100,resolved,154,no
2026-07-24T14:11:33Z,DiskFillingFast,warning,node-exporter,prod-node-1:9100,resolved,132,no
2026-07-24T16:11:52Z,DiskFillingFast,warning,node-exporter,prod-node-2:9100,resolved,44,no
2026-07-24T17:41:58Z,NetworkReceiveDropRate,warning,network,prod-node-2:9100,resolved,174,no
2026-07-24T20:41:43Z,DiskFillingFast,warning,node-exporter,prod-node-2:9100,resolved,25,no
2026-07-24T21:04:48Z,ContainerOOMKilledTransient,warning,app-worker,prod-node-3:9100,resolved,98,no
2026-07-24T21:20:55Z,DNSResolutionSlowSpike,warning,coredns,prod-node-2:9100,resolved,76,no
2026-07-24T21:24:08Z,DiskFillingFast,warning,node-exporter,prod-node-1:9100,resolved,111,no
2026-07-24T21:25:43Z,DiskFillingFast,warning,node-exporter,prod-node-3:9100,resolved,177,no
2026-07-24T22:55:57Z,NetworkReceiveDropRate,warning,network,prod-node-2:9100,resolved,163,no
2026-07-25T01:18:05Z,HTTPClientSlowLatency,warning,api-gateway,prod-node-2:9100,resolved,179,no
2026-07-25T01:30:01Z,HighCPUUsage,warning,node-exporter,prod-node-2:9100,resolved,154,no
2026-07-25T01:43:17Z,DiskFillingFast,warning,node-exporter,prod-node-3:9100,resolved,163,no
2026-07-25T02:17:29Z,TemporaryLockContention,warning,database,prod-node-1:9100,resolved,128,no
2026-07-25T02:21:22Z,DNSResolutionSlowSpike,warning,coredns,prod-node-3:9100,resolved,57,no
2026-07-25T05:10:42Z,ContainerOOMKilledTransient,warning,app-worker,prod-node-2:9100,resolved,77,no
2026-07-25T06:21:18Z,NetworkReceiveDropRate,warning,network,prod-node-1:9100,resolved,141,no
2026-07-25T06:27:47Z,HTTPClientSlowLatency,warning,api-gateway,prod-node-2:9100,resolved,97,no
2026-07-25T06:49:21Z,HighContextSwitches,info,system,prod-node-1:9100,resolved,75,no
2026-07-25T07:36:21Z,HTTPClientSlowLatency,warning,api-gateway,prod-node-1:9100,resolved,164,no
2026-07-25T08:36:36Z,HTTPClientSlowLatency,warning,api-gateway,prod-node-2:9100,resolved,126,no
2026-07-25T09:07:25Z,HighContextSwitches,info,system,prod-node-3:9100,resolved,51,no
2026-07-25T09:09:26Z,HighContextSwitches,info,system,prod-node-1:9100,resolved,29,no
2026-07-25T09:18:19Z,DNSResolutionSlowSpike,warning,coredns,prod-node-1:9100,resolved,161,no
2026-07-25T10:25:43Z,HighCPUUsage,warning,node-exporter,prod-node-1:9100,resolved,51,no
2026-07-25T10:28:16Z,NetworkReceiveDropRate,warning,network,prod-node-2:9100,resolved,74,no
2026-07-25T10:42:24Z,HighMemoryUsage,warning,node-exporter,prod-node-3:9100,resolved,25,no
2026-07-25T11:58:42Z,HTTPClientSlowLatency,warning,api-gateway,prod-node-3:9100,resolved,150,no
2026-07-25T16:27:57Z,HighCPUUsage,warning,node-exporter,prod-node-1:9100,resolved,155,no
2026-07-25T16:52:14Z,DiskFillingFast,warning,node-exporter,prod-node-2:9100,resolved,27,no
2026-07-25T17:08:45Z,DNSResolutionSlowSpike,warning,coredns,prod-node-1:9100,resolved,62,no
2026-07-25T18:53:02Z,NetworkReceiveDropRate,warning,network,prod-node-3:9100,resolved,98,no
2026-07-25T19:30:25Z,HighCPUUsage,warning,node-exporter,prod-node-1:9100,resolved,32,no
2026-07-25T20:16:02Z,HighCPUUsage,warning,node-exporter,prod-node-1:9100,resolved,26,no
2026-07-25T20:28:35Z,HTTPClientSlowLatency,warning,api-gateway,prod-node-2:9100,resolved,170,no
2026-07-26T00:25:36Z,TemporaryLockContention,warning,database,prod-node-2:9100,resolved,162,no
2026-07-26T00:37:06Z,TemporaryLockContention,warning,database,prod-node-3:9100,resolved,138,no
2026-07-26T00:47:35Z,HighMemoryUsage,warning,node-exporter,prod-node-2:9100,resolved,167,no
2026-07-26T01:00:27Z,HTTPClientSlowLatency,warning,api-gateway,prod-node-1:9100,resolved,106,no
2026-07-26T01:29:28Z,DiskFillingFast,warning,node-exporter,prod-node-3:9100,resolved,42,no
2026-07-26T02:08:21Z,HighMemoryUsage,warning,node-exporter,prod-node-1:9100,resolved,82,no
2026-07-26T02:36:49Z,HighCPUUsage,warning,node-exporter,prod-node-1:9100,resolved,90,no
2026-07-26T02:47:40Z,HTTPClientSlowLatency,warning,api-gateway,prod-node-3:9100,resolved,114,no
2026-07-26T02:59:58Z,HighCPUUsage,warning,node-exporter,prod-node-1:9100,resolved,81,no
2026-07-26T05:07:55Z,DiskFillingFast,warning,node-exporter,prod-node-3:9100,resolved,92,no
2026-07-26T06:47:52Z,HighMemoryUsage,warning,node-exporter,prod-node-3:9100,resolved,118,no
2026-07-26T06:48:46Z,HighCPUUsage,warning,node-exporter,prod-node-1:9100,resolved,48,no
2026-07-26T07:00:41Z,HighMemoryUsage,warning,node-exporter,prod-node-3:9100,resolved,174,no
2026-07-26T08:13:01Z,HighMemoryUsage,warning,node-exporter,prod-node-2:9100,resolved,102,no
2026-07-26T09:46:59Z,ContainerOOMKilledTransient,warning,app-worker,prod-node-2:9100,resolved,52,no
2026-07-26T10:05:28Z,TemporaryLockContention,warning,database,prod-node-1:9100,resolved,131,no
2026-07-26T11:13:11Z,DiskFillingFast,warning,node-exporter,prod-node-1:9100,resolved,142,no
2026-07-26T11:33:04Z,NetworkReceiveDropRate,warning,network,prod-node-3:9100,resolved,124,no
2026-07-26T13:51:25Z,DiskFillingFast,warning,node-exporter,prod-node-1:9100,resolved,49,no
2026-07-26T14:42:28Z,HTTPClientSlowLatency,warning,api-gateway,prod-node-2:9100,resolved,99,no
2026-07-26T16:04:34Z,HighCPUUsage,warning,node-exporter,prod-node-1:9100,resolved,81,no
2026-07-26T16:51:52Z,HighContextSwitches,info,system,prod-node-2:9100,resolved,84,no
2026-07-26T17:59:42Z,HighCPUUsage,warning,node-exporter,prod-node-3:9100,resolved,137,no
2026-07-26T18:08:56Z,HighMemoryUsage,warning,node-exporter,prod-node-3:9100,resolved,37,no
2026-07-26T21:14:14Z,HighContextSwitches,info,system,prod-node-1:9100,resolved,133,no
2026-07-26T22:37:40Z,HighCPUUsage,warning,node-exporter,prod-node-1:9100,resolved,29,no
2026-07-26T22:42:20Z,HTTPClientSlowLatency,warning,api-gateway,prod-node-2:9100,resolved,39,no
2026-07-26T23:11:08Z,HighMemoryUsage,warning,node-exporter,prod-node-1:9100,resolved,32,no
2026-07-27T00:41:04Z,HighContextSwitches,info,system,prod-node-3:9100,resolved,135,no
2026-07-27T01:45:31Z,HTTPClientSlowLatency,warning,api-gateway,prod-node-1:9100,resolved,145,no
2026-07-27T02:25:05Z,TemporaryLockContention,warning,database,prod-node-3:9100,resolved,46,no
2026-07-27T02:37:40Z,HighCPUUsage,warning,node-exporter,prod-node-3:9100,resolved,118,no
2026-07-27T03:08:32Z,HighMemoryUsage,warning,node-exporter,prod-node-2:9100,resolved,28,no
2026-07-27T03:54:25Z,HighCPUUsage,warning,node-exporter,prod-node-2:9100,resolved,43,no
2026-07-27T05:43:08Z,HighCPUUsage,warning,node-exporter,prod-node-2:9100,resolved,174,no
2026-07-27T07:22:59Z,HighCPUUsage,warning,node-exporter,prod-node-1:9100,resolved,108,no
2026-07-27T07:29:17Z,HighContextSwitches,info,system,prod-node-3:9100,resolved,111,no
2026-07-27T08:43:37Z,NetworkReceiveDropRate,warning,network,prod-node-1:9100,resolved,144,no
2026-07-27T09:06:56Z,DiskFillingFast,warning,node-exporter,prod-node-2:9100,resolved,163,no
2026-07-27T13:34:03Z,HTTPClientSlowLatency,warning,api-gateway,prod-node-2:9100,resolved,28,no
2026-07-27T14:02:26Z,HTTPClientSlowLatency,warning,api-gateway,prod-node-1:9100,resolved,51,no
2026-07-27T14:42:27Z,DatabaseReplicationLag,critical,database,prod-node-3:9100,resolved,7169,yes
2026-07-27T14:46:41Z,DiskFillingFast,warning,node-exporter,prod-node-3:9100,resolved,151,no
2026-07-27T14:58:41Z,HighCPUUsage,warning,node-exporter,prod-node-1:9100,resolved,94,no
2026-07-27T15:45:42Z,HighMemoryUsage,warning,node-exporter,prod-node-3:9100,resolved,154,no
2026-07-27T16:03:53Z,HighMemoryUsage,warning,node-exporter,prod-node-2:9100,resolved,97,no
2026-07-27T16:51:12Z,HighCPUUsage,warning,node-exporter,prod-node-2:9100,resolved,155,no
2026-07-27T17:34:01Z,HighMemoryUsage,warning,node-exporter,prod-node-1:9100,resolved,89,no
2026-07-27T17:53:51Z,ContainerOOMKilledTransient,warning,app-worker,prod-node-2:9100,resolved,167,no
2026-07-27T18:16:11Z,HighMemoryUsage,warning,node-exporter,prod-node-2:9100,resolved,42,no
2026-07-27T18:27:47Z,ContainerOOMKilledTransient,warning,app-worker,prod-node-3:9100,resolved,49,no
2026-07-27T19:09:17Z,HighMemoryUsage,warning,node-exporter,prod-node-3:9100,resolved,113,no
2026-07-27T19:47:11Z,NetworkReceiveDropRate,warning,network,prod-node-2:9100,resolved,114,no
2026-07-27T20:30:22Z,NetworkReceiveDropRate,warning,network,prod-node-3:9100,resolved,130,no
2026-07-27T22:09:04Z,DiskFillingFast,warning,node-exporter,prod-node-1:9100,resolved,51,no
2026-07-27T22:28:13Z,HighContextSwitches,info,system,prod-node-3:9100,resolved,157,no
2026-07-27T23:10:30Z,DiskFillingFast,warning,node-exporter,prod-node-3:9100,resolved,73,no
2026-07-27T23:52:45Z,HighContextSwitches,info,system,prod-node-1:9100,resolved,60,no
2026-07-28T00:06:35Z,NetworkReceiveDropRate,warning,network,prod-node-3:9100,resolved,78,no
2026-07-28T02:06:42Z,NetworkReceiveDropRate,warning,network,prod-node-1:9100,resolved,79,no
2026-07-28T02:13:40Z,DiskFillingFast,warning,node-exporter,prod-node-1:9100,resolved,83,no
2026-07-28T02:17:43Z,HighCPUUsage,warning,node-exporter,prod-node-2:9100,resolved,26,no
2026-07-28T03:38:29Z,DNSResolutionSlowSpike,warning,coredns,prod-node-2:9100,resolved,166,no
2026-07-28T04:08:08Z,DiskAlmostFull,critical,storage,prod-node-2:9100,firing,4584,yes
2026-07-28T04:11:26Z,HighCPUUsage,warning,node-exporter,prod-node-2:9100,resolved,26,no
2026-07-28T04:55:58Z,TemporaryLockContention,warning,database,prod-node-3:9100,resolved,178,no
2026-07-28T07:03:21Z,HTTPClientSlowLatency,warning,api-gateway,prod-node-3:9100,resolved,147,no
2026-07-28T08:25:15Z,HighMemoryUsage,warning,node-exporter,prod-node-3:9100,resolved,66,no
2026-07-28T10:28:16Z,DNSResolutionSlowSpike,warning,coredns,prod-node-3:9100,resolved,21,no
2026-07-28T10:48:55Z,HighCPUUsage,warning,node-exporter,prod-node-3:9100,resolved,51,no
2026-07-28T11:13:42Z,NginxWorkerThreadStall,warning,ingress,prod-node-2:9100,resolved,106,no
2026-07-28T16:38:41Z,HighContextSwitches,info,system,prod-node-1:9100,resolved,102,no
2026-07-28T17:39:49Z,NetworkReceiveDropRate,warning,network,prod-node-3:9100,resolved,36,no
2026-07-28T17:46:59Z,DiskFillingFast,warning,node-exporter,prod-node-3:9100,resolved,68,no
2026-07-28T19:13:18Z,DNSResolutionSlowSpike,warning,coredns,prod-node-3:9100,resolved,43,no
2026-07-28T20:21:34Z,NetworkReceiveDropRate,warning,network,prod-node-1:9100,resolved,153,no
2026-07-28T21:25:49Z,HighCPUUsage,warning,node-exporter,prod-node-1:9100,resolved,169,no
2026-07-28T22:24:42Z,HighMemoryUsage,warning,node-exporter,prod-node-3:9100,resolved,34,no
2026-07-29T00:05:35Z,DiskFillingFast,warning,node-exporter,prod-node-3:9100,resolved,42,no
2026-07-29T00:18:42Z,NetworkReceiveDropRate,warning,network,prod-node-1:9100,resolved,74,no
2026-07-29T01:51:00Z,ContainerOOMKilledTransient,warning,app-worker,prod-node-3:9100,resolved,124,no
2026-07-29T03:09:50Z,NginxWorkerThreadStall,warning,ingress,prod-node-2:9100,resolved,152,no
2026-07-29T03:50:49Z,HighMemoryUsage,warning,node-exporter,prod-node-1:9100,resolved,180,no
2026-07-29T06:24:34Z,HighContextSwitches,info,system,prod-node-1:9100,resolved,151,no
2026-07-29T07:07:23Z,TemporaryLockContention,warning,database,prod-node-2:9100,resolved,118,no
2026-07-29T09:58:55Z,TemporaryLockContention,warning,database,prod-node-3:9100,resolved,33,no
2026-07-29T10:33:27Z,HighCPUUsage,warning,node-exporter,prod-node-1:9100,resolved,165,no
2026-07-29T10:39:05Z,HighCPUUsage,warning,node-exporter,prod-node-1:9100,resolved,144,no
2026-07-29T10:40:43Z,NginxWorkerThreadStall,warning,ingress,prod-node-3:9100,resolved,107,no
2026-07-29T10:55:14Z,TemporaryLockContention,warning,database,prod-node-2:9100,resolved,66,no
2026-07-29T11:51:50Z,ContainerOOMKilledTransient,warning,app-worker,prod-node-1:9100,resolved,32,no
2026-07-29T13:25:00Z,HighMemoryUsage,warning,node-exporter,prod-node-3:9100,resolved,31,no
2026-07-29T14:33:54Z,TemporaryLockContention,warning,database,prod-node-3:9100,resolved,164,no
2026-07-29T14:57:28Z,HTTPClientSlowLatency,warning,api-gateway,prod-node-3:9100,resolved,179,no
2026-07-29T20:46:24Z,DNSResolutionSlowSpike,warning,coredns,prod-node-2:9100,resolved,159,no
2026-07-29T21:29:46Z,TemporaryLockContention,warning,database,prod-node-3:9100,resolved,25,no
2026-07-29T22:12:03Z,HighCPUUsage,warning,node-exporter,prod-node-3:9100,resolved,166,no
2026-07-29T22:59:23Z,DiskFillingFast,warning,node-exporter,prod-node-1:9100,resolved,76,no
2026-07-30T00:20:00Z,HighCPUUsage,warning,node-exporter,prod-node-3:9100,resolved,37,no
2026-07-30T00:32:35Z,TemporaryLockContention,warning,database,prod-node-2:9100,resolved,81,no
2026-07-30T00:38:20Z,NginxWorkerThreadStall,warning,ingress,prod-node-1:9100,resolved,178,no
2026-07-30T00:42:55Z,HighMemoryUsage,warning,node-exporter,prod-node-1:9100,resolved,69,no
2026-07-30T01:35:08Z,HTTPClientSlowLatency,warning,api-gateway,prod-node-1:9100,resolved,118,no
2026-07-30T02:07:11Z,DiskFillingFast,warning,node-exporter,prod-node-3:9100,resolved,91,no
2026-07-30T03:25:57Z,HTTPClientSlowLatency,warning,api-gateway,prod-node-3:9100,resolved,140,no
2026-07-30T04:34:50Z,TemporaryLockContention,warning,database,prod-node-1:9100,resolved,75,no
2026-07-30T04:38:41Z,HighMemoryUsage,warning,node-exporter,prod-node-3:9100,resolved,28,no
2026-07-30T05:53:42Z,HTTPClientSlowLatency,warning,api-gateway,prod-node-3:9100,resolved,72,no
2026-07-30T07:34:55Z,TemporaryLockContention,warning,database,prod-node-3:9100,resolved,166,no
2026-07-30T07:59:51Z,ContainerOOMKilledTransient,warning,app-worker,prod-node-3:9100,resolved,149,no
2026-07-30T08:38:26Z,HighCPUUsage,warning,node-exporter,prod-node-2:9100,resolved,62,no
2026-07-30T12:42:43Z,NetworkReceiveDropRate,warning,network,prod-node-3:9100,resolved,129,no
2026-07-30T13:42:44Z,HighCPUUsage,warning,node-exporter,prod-node-3:9100,resolved,101,no
2026-07-30T14:32:11Z,ContainerOOMKilledTransient,warning,app-worker,prod-node-2:9100,resolved,79,no
2026-07-30T14:41:16Z,HighMemoryUsage,warning,node-exporter,prod-node-2:9100,resolved,155,no
2026-07-30T15:26:18Z,ContainerOOMKilledTransient,warning,app-worker,prod-node-3:9100,resolved,169,no
2026-07-30T15:27:26Z,HTTPClientSlowLatency,warning,api-gateway,prod-node-3:9100,resolved,65,no
2026-07-30T16:37:59Z,HTTPClientSlowLatency,warning,api-gateway,prod-node-2:9100,resolved,130,no
2026-07-30T16:49:12Z,HighContextSwitches,info,system,prod-node-1:9100,resolved,148,no
2026-07-30T18:10:43Z,HighCPUUsage,warning,node-exporter,prod-node-2:9100,resolved,129,no
2026-07-30T18:32:01Z,DiskFillingFast,warning,node-exporter,prod-node-1:9100,resolved,103,no
2026-07-30T19:42:23Z,HighMemoryUsage,warning,node-exporter,prod-node-3:9100,resolved,125,no
2026-07-30T21:04:51Z,InstanceDown,critical,infrastructure,prod-node-1:9100,resolved,2407,yes
2026-07-30T21:14:16Z,DatabaseReplicationLag,critical,database,prod-node-1:9100,resolved,2866,yes
2026-07-30T22:39:44Z,TemporaryLockContention,warning,database,prod-node-1:9100,resolved,113,no
2026-07-30T23:40:48Z,NginxWorkerThreadStall,warning,ingress,prod-node-3:9100,resolved,131,no
2026-07-30T23:54:26Z,DiskFillingFast,warning,node-exporter,prod-node-3:9100,resolved,55,no
2026-07-31T00:22:48Z,HighCPUUsage,warning,node-exporter,prod-node-2:9100,resolved,116,no
2026-07-31T01:26:44Z,HighMemoryUsage,warning,node-exporter,prod-node-3:9100,resolved,102,no
2026-07-31T02:04:46Z,HighCPUUsage,warning,node-exporter,prod-node-1:9100,resolved,84,no
2026-07-31T02:10:55Z,HighContextSwitches,info,system,prod-node-2:9100,resolved,125,no
2026-07-31T02:38:43Z,TemporaryLockContention,warning,database,prod-node-3:9100,resolved,148,no
2026-07-31T02:58:24Z,HighMemoryUsage,warning,node-exporter,prod-node-1:9100,resolved,115,no
2026-07-31T04:03:16Z,DiskFillingFast,warning,node-exporter,prod-node-1:9100,resolved,107,no
2026-07-31T04:14:57Z,DiskAlmostFull,critical,storage,prod-node-3:9100,resolved,1686,yes
2026-07-31T07:02:50Z,HTTPClientSlowLatency,warning,api-gateway,prod-node-2:9100,resolved,124,no
2026-07-31T07:48:17Z,TemporaryLockContention,warning,database,prod-node-2:9100,resolved,168,no
2026-07-31T08:31:09Z,TemporaryLockContention,warning,database,prod-node-1:9100,resolved,140,no
2026-07-31T09:17:18Z,TemporaryLockContention,warning,database,prod-node-1:9100,resolved,34,no
2026-07-31T11:39:51Z,HighCPUUsage,warning,node-exporter,prod-node-3:9100,resolved,92,no
2026-07-31T15:20:19Z,HighCPUUsage,warning,node-exporter,prod-node-3:9100,resolved,179,no
2026-07-31T15:29:25Z,HighCPUUsage,warning,node-exporter,prod-node-2:9100,resolved,64,no
2026-07-31T16:35:47Z,HighCPUUsage,warning,node-exporter,prod-node-1:9100,resolved,105,no
2026-07-31T17:36:36Z,HighMemoryUsage,warning,node-exporter,prod-node-3:9100,resolved,84,no
2026-07-31T18:16:54Z,ContainerOOMKilledTransient,warning,app-worker,prod-node-3:9100,resolved,57,no
2026-07-31T19:09:34Z,DatabaseReplicationLag,critical,database,prod-node-3:9100,firing,6759,yes
2026-07-31T19:52:01Z,HighMemoryUsage,warning,node-exporter,prod-node-2:9100,resolved,33,no
2026-07-31T20:59:40Z,NginxWorkerThreadStall,warning,ingress,prod-node-1:9100,resolved,166,no
2026-07-31T22:02:12Z,DiskFillingFast,warning,node-exporter,prod-node-3:9100,resolved,156,no
2026-07-31T22:26:58Z,DiskFillingFast,warning,node-exporter,prod-node-2:9100,resolved,71,no
2026-07-31T22:56:36Z,ContainerOOMKilledTransient,warning,app-worker,prod-node-3:9100,resolved,151,no
2026-07-31T23:00:10Z,HTTPClientSlowLatency,warning,api-gateway,prod-node-3:9100,resolved,29,no
2026-07-31T23:14:02Z,HighCPUUsage,warning,node-exporter,prod-node-3:9100,resolved,173,no
2026-07-31T23:54:35Z,DiskFillingFast,warning,node-exporter,prod-node-3:9100,resolved,39,no
2026-08-01T01:32:56Z,HighContextSwitches,info,system,prod-node-2:9100,resolved,100,no
2026-08-01T02:06:54Z,NetworkReceiveDropRate,warning,network,prod-node-1:9100,resolved,57,no
2026-08-01T02:18:46Z,TemporaryLockContention,warning,database,prod-node-3:9100,resolved,98,no
2026-08-01T02:19:52Z,HighMemoryUsage,warning,node-exporter,prod-node-1:9100,resolved,137,no
2026-08-01T02:20:52Z,HighMemoryUsage,warning,node-exporter,prod-node-2:9100,resolved,133,no
2026-08-01T02:32:05Z,HighMemoryUsage,warning,node-exporter,prod-node-3:9100,resolved,93,no
2026-08-01T02:36:28Z,ContainerOOMKilledTransient,warning,app-worker,prod-node-2:9100,resolved,78,no
2026-08-01T04:05:24Z,HighContextSwitches,info,system,prod-node-3:9100,resolved,179,no
2026-08-01T06:35:46Z,NetworkReceiveDropRate,warning,network,prod-node-1:9100,resolved,132,no
2026-08-01T07:22:04Z,HTTPClientSlowLatency,warning,api-gateway,prod-node-2:9100,resolved,45,no
2026-08-01T08:44:33Z,NetworkReceiveDropRate,warning,network,prod-node-2:9100,resolved,170,no
2026-08-01T09:17:58Z,HighCPUUsage,warning,node-exporter,prod-node-3:9100,resolved,137,no
2026-08-01T10:08:21Z,DiskFillingFast,warning,node-exporter,prod-node-1:9100,resolved,33,no
2026-08-01T10:21:30Z,HighMemoryUsage,warning,node-exporter,prod-node-2:9100,resolved,72,no
2026-08-01T10:21:44Z,DiskFillingFast,warning,node-exporter,prod-node-2:9100,resolved,114,no
2026-08-01T11:46:13Z,HighCPUUsage,warning,node-exporter,prod-node-1:9100,resolved,135,no
2026-08-01T12:18:03Z,DiskFillingFast,warning,node-exporter,prod-node-1:9100,resolved,151,no
2026-08-01T13:11:30Z,HighCPUUsage,warning,node-exporter,prod-node-3:9100,resolved,101,no
2026-08-01T14:26:53Z,HTTPClientSlowLatency,warning,api-gateway,prod-node-3:9100,resolved,131,no
2026-08-01T14:33:39Z,HTTPClientSlowLatency,warning,api-gateway,prod-node-1:9100,resolved,40,no
2026-08-01T14:44:53Z,HTTPClientSlowLatency,warning,api-gateway,prod-node-3:9100,resolved,67,no
2026-08-01T15:34:59Z,DiskFillingFast,warning,node-exporter,prod-node-1:9100,resolved,123,no
2026-08-01T17:16:38Z,NginxWorkerThreadStall,warning,ingress,prod-node-2:9100,resolved,101,no
2026-08-01T17:35:53Z,NginxWorkerThreadStall,warning,ingress,prod-node-2:9100,resolved,172,no
2026-08-01T18:05:54Z,NginxWorkerThreadStall,warning,ingress,prod-node-2:9100,resolved,46,no
2026-08-01T20:11:15Z,HighMemoryUsage,warning,node-exporter,prod-node-3:9100,resolved,21,no
2026-08-01T20:24:19Z,HighCPUUsage,warning,node-exporter,prod-node-2:9100,resolved,149,no
2026-08-01T21:05:07Z,ContainerOOMKilledTransient,warning,app-worker,prod-node-2:9100,resolved,46,no
2026-08-01T21:05:18Z,DiskFillingFast,warning,node-exporter,prod-node-3:9100,resolved,150,no
2026-08-02T00:41:15Z,HighMemoryUsage,warning,node-exporter,prod-node-1:9100,resolved,78,no
2026-08-02T02:56:10Z,HTTPClientSlowLatency,warning,api-gateway,prod-node-2:9100,resolved,174,no
2026-08-02T03:44:34Z,DiskFillingFast,warning,node-exporter,prod-node-3:9100,resolved,69,no
2026-08-02T05:31:10Z,HighMemoryUsage,warning,node-exporter,prod-node-3:9100,resolved,142,no
2026-08-02T05:46:23Z,HTTPClientSlowLatency,warning,api-gateway,prod-node-3:9100,resolved,132,no
2026-08-02T05:59:39Z,HighCPUUsage,warning,node-exporter,prod-node-2:9100,resolved,57,no
2026-08-02T07:29:15Z,TemporaryLockContention,warning,database,prod-node-1:9100,resolved,173,no
2026-08-02T07:50:51Z,HighContextSwitches,info,system,prod-node-3:9100,resolved,75,no
2026-08-02T09:24:30Z,HighMemoryUsage,warning,node-exporter,prod-node-3:9100,resolved,168,no
2026-08-02T09:28:08Z,DiskFillingFast,warning,node-exporter,prod-node-3:9100,resolved,180,no
2026-08-02T11:10:18Z,DiskFillingFast,warning,node-exporter,prod-node-1:9100,resolved,161,no
2026-08-02T13:13:11Z,HighCPUUsage,warning,node-exporter,prod-node-3:9100,resolved,97,no
2026-08-02T14:38:26Z,HighCPUUsage,warning,node-exporter,prod-node-2:9100,resolved,160,no
2026-08-02T15:20:55Z,DiskFillingFast,warning,node-exporter,prod-node-1:9100,resolved,148,no
2026-08-02T15:29:54Z,HTTPClientSlowLatency,warning,api-gateway,prod-node-2:9100,resolved,23,no
2026-08-02T16:30:41Z,HighCPUUsage,warning,node-exporter,prod-node-1:9100,resolved,132,no
2026-08-02T19:49:48Z,ContainerOOMKilledTransient,warning,app-worker,prod-node-1:9100,resolved,143,no
2026-08-02T21:37:52Z,HighMemoryUsage,warning,node-exporter,prod-node-2:9100,resolved,27,no
2026-08-02T22:08:26Z,HighContextSwitches,info,system,prod-node-1:9100,resolved,177,no
2026-08-02T22:25:56Z,DatabaseReplicationLag,critical,database,prod-node-1:9100,resolved,5696,yes
2026-08-02T23:01:46Z,TemporaryLockContention,warning,database,prod-node-2:9100,resolved,37,no
2026-08-02T23:48:45Z,HighMemoryUsage,warning,node-exporter,prod-node-3:9100,resolved,91,no
2026-08-03T01:55:26Z,HTTPClientSlowLatency,warning,api-gateway,prod-node-1:9100,resolved,62,no
2026-08-03T02:26:00Z,HighCPUUsage,warning,node-exporter,prod-node-3:9100,resolved,64,no
2026-08-03T02:32:04Z,DiskFillingFast,warning,node-exporter,prod-node-1:9100,resolved,36,no
2026-08-03T04:05:06Z,TemporaryLockContention,warning,database,prod-node-2:9100,resolved,29,no
2026-08-03T05:54:27Z,HTTPClientSlowLatency,warning,api-gateway,prod-node-3:9100,resolved,98,no
2026-08-03T06:59:55Z,HighMemoryUsage,warning,node-exporter,prod-node-1:9100,resolved,48,no
2026-08-03T07:02:14Z,ContainerOOMKilledTransient,warning,app-worker,prod-node-1:9100,resolved,78,no
2026-08-03T07:22:56Z,DiskFillingFast,warning,node-exporter,prod-node-1:9100,resolved,36,no
2026-08-03T09:06:00Z,HighMemoryUsage,warning,node-exporter,prod-node-3:9100,resolved,180,no
2026-08-03T09:47:38Z,HTTPClientSlowLatency,warning,api-gateway,prod-node-2:9100,resolved,137,no
2026-08-03T10:10:46Z,HighMemoryUsage,warning,node-exporter,prod-node-1:9100,resolved,61,no
2026-08-03T11:17:18Z,HighContextSwitches,info,system,prod-node-1:9100,resolved,42,no
2026-08-03T11:32:10Z,DNSResolutionSlowSpike,warning,coredns,prod-node-2:9100,resolved,89,no
2026-08-03T12:24:06Z,HighContextSwitches,info,system,prod-node-2:9100,resolved,135,no
2026-08-03T13:32:25Z,DNSResolutionSlowSpike,warning,coredns,prod-node-3:9100,resolved,29,no
2026-08-03T14:38:34Z,DiskFillingFast,warning,node-exporter,prod-node-3:9100,resolved,47,no
2026-08-03T14:51:00Z,NetworkReceiveDropRate,warning,network,prod-node-3:9100,resolved,161,no
2026-08-03T15:19:01Z,HighCPUUsage,warning,node-exporter,prod-node-3:9100,resolved,74,no
2026-08-03T17:59:35Z,HTTPClientSlowLatency,warning,api-gateway,prod-node-2:9100,resolved,51,no
2026-08-03T20:49:30Z,HTTPClientSlowLatency,warning,api-gateway,prod-node-2:9100,resolved,48,no
2026-08-03T21:57:36Z,NginxWorkerThreadStall,warning,ingress,prod-node-2:9100,resolved,143,no
2026-08-03T22:08:23Z,HighCPUUsage,warning,node-exporter,prod-node-1:9100,resolved,60,no
2026-08-03T22:56:09Z,NetworkReceiveDropRate,warning,network,prod-node-3:9100,resolved,155,no
2026-08-03T23:27:00Z,HighCPUUsage,warning,node-exporter,prod-node-2:9100,resolved,40,no
2026-08-03T23:41:48Z,DiskFillingFast,warning,node-exporter,prod-node-2:9100,resolved,144,no
2026-08-04T00:34:19Z,HTTPClientSlowLatency,warning,api-gateway,prod-node-1:9100,resolved,145,no
2026-08-04T02:39:34Z,HighMemoryUsage,warning,node-exporter,prod-node-3:9100,resolved,180,no
2026-08-04T03:42:20Z,DiskFillingFast,warning,node-exporter,prod-node-3:9100,resolved,123,no
2026-08-04T05:54:37Z,HighMemoryUsage,warning,node-exporter,prod-node-3:9100,resolved,162,no
2026-08-04T05:55:00Z,HighCPUUsage,warning,node-exporter,prod-node-2:9100,resolved,166,no
2026-08-04T07:56:16Z,NetworkReceiveDropRate,warning,network,prod-node-3:9100,resolved,110,no
2026-08-04T08:31:19Z,DiskFillingFast,warning,node-exporter,prod-node-3:9100,resolved,165,no
2026-08-04T09:13:08Z,ContainerOOMKilledTransient,warning,app-worker,prod-node-2:9100,resolved,180,no
2026-08-04T11:13:33Z,HighCPUUsage,warning,node-exporter,prod-node-1:9100,resolved,153,no
2026-08-04T12:10:15Z,NetworkReceiveDropRate,warning,network,prod-node-2:9100,resolved,110,no
2026-08-04T13:45:16Z,NetworkReceiveDropRate,warning,network,prod-node-1:9100,resolved,135,no
2026-08-04T14:04:00Z,DiskFillingFast,warning,node-exporter,prod-node-2:9100,resolved,74,no
2026-08-04T14:20:01Z,HighCPUUsage,warning,node-exporter,prod-node-2:9100,resolved,60,no
2026-08-04T14:28:20Z,HighCPUUsage,warning,node-exporter,prod-node-3:9100,resolved,130,no
2026-08-04T14:40:37Z,HighCPUUsage,warning,node-exporter,prod-node-3:9100,resolved,101,no
2026-08-04T16:15:35Z,HTTPClientSlowLatency,warning,api-gateway,prod-node-3:9100,resolved,131,no
2026-08-04T16:22:06Z,NetworkReceiveDropRate,warning,network,prod-node-3:9100,resolved,140,no
2026-08-04T16:31:31Z,HighContextSwitches,info,system,prod-node-1:9100,resolved,73,no
2026-08-04T17:23:27Z,DiskFillingFast,warning,node-exporter,prod-node-2:9100,resolved,126,no
2026-08-04T17:34:24Z,HighCPUUsage,warning,node-exporter,prod-node-2:9100,resolved,49,no
2026-08-04T18:26:23Z,NetworkReceiveDropRate,warning,network,prod-node-3:9100,resolved,135,no
2026-08-04T19:50:15Z,TemporaryLockContention,warning,database,prod-node-2:9100,resolved,34,no
2026-08-04T21:21:43Z,NetworkReceiveDropRate,warning,network,prod-node-1:9100,resolved,73,no
2026-08-04T22:41:35Z,HighMemoryUsage,warning,node-exporter,prod-node-1:9100,resolved,79,no
2026-08-04T23:55:34Z,NetworkReceiveDropRate,warning,network,prod-node-2:9100,resolved,170,no
2026-08-05T01:41:49Z,HighMemoryUsage,warning,node-exporter,prod-node-3:9100,resolved,22,no
2026-08-05T01:50:20Z,HighCPUUsage,warning,node-exporter,prod-node-3:9100,resolved,98,no
2026-08-05T03:02:12Z,HighCPUUsage,warning,node-exporter,prod-node-3:9100,resolved,20,no
2026-08-05T03:19:35Z,HTTPClientSlowLatency,warning,api-gateway,prod-node-2:9100,resolved,89,no
2026-08-05T03:34:22Z,ContainerOOMKilledTransient,warning,app-worker,prod-node-1:9100,resolved,79,no
2026-08-05T04:06:34Z,HighContextSwitches,info,system,prod-node-2:9100,resolved,74,no
2026-08-05T04:33:28Z,TemporaryLockContention,warning,database,prod-node-3:9100,resolved,21,no
2026-08-05T07:43:05Z,TemporaryLockContention,warning,database,prod-node-2:9100,resolved,59,no
2026-08-05T08:42:23Z,NetworkReceiveDropRate,warning,network,prod-node-1:9100,resolved,35,no
2026-08-05T08:45:42Z,NetworkReceiveDropRate,warning,network,prod-node-1:9100,resolved,152,no
2026-08-05T10:24:46Z,HighCPUUsage,warning,node-exporter,prod-node-2:9100,resolved,25,no
2026-08-05T10:41:58Z,HighContextSwitches,info,system,prod-node-2:9100,resolved,135,no
2026-08-05T11:22:15Z,DiskFillingFast,warning,node-exporter,prod-node-1:9100,resolved,178,no
2026-08-05T11:40:38Z,DiskFillingFast,warning,node-exporter,prod-node-3:9100,resolved,136,no
2026-08-05T12:15:18Z,HighCPUUsage,warning,node-exporter,prod-node-3:9100,resolved,53,no
2026-08-05T12:57:46Z,NginxWorkerThreadStall,warning,ingress,prod-node-3:9100,resolved,44,no
2026-08-05T13:03:35Z,HighCPUUsage,warning,node-exporter,prod-node-3:9100,resolved,28,no
2026-08-05T13:58:48Z,NginxWorkerThreadStall,warning,ingress,prod-node-3:9100,resolved,77,no
2026-08-05T15:37:24Z,DNSResolutionSlowSpike,warning,coredns,prod-node-1:9100,resolved,118,no
2026-08-05T17:28:27Z,DNSResolutionSlowSpike,warning,coredns,prod-node-1:9100,resolved,156,no
2026-08-05T19:45:11Z,ContainerOOMKilledTransient,warning,app-worker,prod-node-2:9100,resolved,30,no
2026-08-05T20:07:15Z,HighMemoryUsage,warning,node-exporter,prod-node-1:9100,resolved,42,no
2026-08-05T21:30:23Z,DiskFillingFast,warning,node-exporter,prod-node-1:9100,resolved,173,no
2026-08-05T21:39:20Z,TemporaryLockContention,warning,database,prod-node-2:9100,resolved,152,no
2026-08-05T22:00:30Z,DiskFillingFast,warning,node-exporter,prod-node-3:9100,resolved,65,no
2026-08-05T22:38:56Z,HighContextSwitches,info,system,prod-node-1:9100,resolved,89,no
2026-08-05T23:20:38Z,DNSResolutionSlowSpike,warning,coredns,prod-node-2:9100,resolved,85,no
2026-08-06T03:07:16Z,DNSResolutionSlowSpike,warning,coredns,prod-node-1:9100,resolved,42,no
2026-08-06T03:18:35Z,TemporaryLockContention,warning,database,prod-node-3:9100,resolved,28,no
2026-08-06T03:31:26Z,NetworkReceiveDropRate,warning,network,prod-node-3:9100,resolved,82,no
2026-08-06T03:44:02Z,HighMemoryUsage,warning,node-exporter,prod-node-1:9100,resolved,128,no
2026-08-06T04:00:08Z,HighCPUUsage,warning,node-exporter,prod-node-1:9100,resolved,126,no
2026-08-06T05:50:51Z,TemporaryLockContention,warning,database,prod-node-2:9100,resolved,91,no
2026-08-06T11:22:52Z,ContainerOOMKilledTransient,warning,app-worker,prod-node-1:9100,resolved,141,no
2026-08-06T11:50:11Z,TemporaryLockContention,warning,database,prod-node-3:9100,resolved,32,no
2026-08-06T12:16:40Z,ContainerOOMKilledTransient,warning,app-worker,prod-node-1:9100,resolved,94,no
2026-08-06T12:37:46Z,HighMemoryUsage,warning,node-exporter,prod-node-3:9100,resolved,97,no
2026-08-06T16:25:34Z,DiskFillingFast,warning,node-exporter,prod-node-2:9100,resolved,26,no
2026-08-06T20:55:23Z,HighCPUUsage,warning,node-exporter,prod-node-2:9100,resolved,137,no
2026-08-06T21:35:41Z,DiskFillingFast,warning,node-exporter,prod-node-2:9100,resolved,168,no
2026-08-06T23:16:36Z,TemporaryLockContention,warning,database,prod-node-2:9100,resolved,32,no
2026-08-06T23:20:17Z,NginxWorkerThreadStall,warning,ingress,prod-node-3:9100,resolved,166,no
2026-08-06T23:42:04Z,HighCPUUsage,warning,node-exporter,prod-node-2:9100,resolved,154,no
2026-08-07T01:37:41Z,HighMemoryUsage,warning,node-exporter,prod-node-2:9100,resolved,174,no
2026-08-07T02:18:56Z,HighMemoryUsage,warning,node-exporter,prod-node-3:9100,resolved,27,no
2026-08-07T03:39:27Z,HighContextSwitches,info,system,prod-node-3:9100,resolved,99,no
2026-08-07T04:01:27Z,HighCPUUsage,warning,node-exporter,prod-node-1:9100,resolved,58,no
2026-08-07T05:04:00Z,HTTPClientSlowLatency,warning,api-gateway,prod-node-2:9100,resolved,116,no
2026-08-07T05:12:14Z,ContainerOOMKilledTransient,warning,app-worker,prod-node-1:9100,resolved,104,no
2026-08-07T05:17:15Z,HighCPUUsage,warning,node-exporter,prod-node-1:9100,resolved,171,no
2026-08-07T05:56:18Z,DNSResolutionSlowSpike,warning,coredns,prod-node-1:9100,resolved,145,no
2026-08-07T05:57:46Z,HighMemoryUsage,warning,node-exporter,prod-node-2:9100,resolved,180,no
2026-08-07T06:03:36Z,HighMemoryUsage,warning,node-exporter,prod-node-3:9100,resolved,156,no
2026-08-07T08:24:36Z,TemporaryLockContention,warning,database,prod-node-1:9100,resolved,27,no
2026-08-07T09:19:51Z,DiskFillingFast,warning,node-exporter,prod-node-2:9100,resolved,178,no
2026-08-07T09:47:00Z,TemporaryLockContention,warning,database,prod-node-1:9100,resolved,177,no
2026-08-07T09:51:58Z,HighContextSwitches,info,system,prod-node-1:9100,resolved,87,no
2026-08-07T09:55:00Z,ContainerOOMKilledTransient,warning,app-worker,prod-node-3:9100,resolved,111,no
2026-08-07T09:57:52Z,HighCPUUsage,warning,node-exporter,prod-node-2:9100,resolved,57,no
2026-08-07T10:25:27Z,HighContextSwitches,info,system,prod-node-3:9100,resolved,180,no
2026-08-07T10:37:31Z,NetworkReceiveDropRate,warning,network,prod-node-3:9100,resolved,51,no
2026-08-07T10:44:21Z,HighCPUUsage,warning,node-exporter,prod-node-1:9100,resolved,120,no
2026-08-07T11:38:04Z,DNSResolutionSlowSpike,warning,coredns,prod-node-1:9100,resolved,139,no
2026-08-07T12:06:36Z,DNSResolutionSlowSpike,warning,coredns,prod-node-3:9100,resolved,163,no
2026-08-07T12:32:46Z,HighCPUUsage,warning,node-exporter,prod-node-3:9100,resolved,172,no
2026-08-07T13:02:59Z,NetworkReceiveDropRate,warning,network,prod-node-2:9100,resolved,143,no
2026-08-07T16:21:42Z,HighMemoryUsage,warning,node-exporter,prod-node-2:9100,resolved,47,no
2026-08-07T16:59:59Z,HighCPUUsage,warning,node-exporter,prod-node-2:9100,resolved,116,no
2026-08-07T17:37:49Z,ContainerOOMKilledTransient,warning,app-worker,prod-node-1:9100,resolved,73,no
2026-08-07T18:08:33Z,DiskFillingFast,warning,node-exporter,prod-node-3:9100,resolved,78,no
2026-08-07T18:21:28Z,HighContextSwitches,info,system,prod-node-2:9100,resolved,157,no
2026-08-07T18:49:25Z,DiskFillingFast,warning,node-exporter,prod-node-3:9100,resolved,58,no
2026-08-07T19:16:33Z,TemporaryLockContention,warning,database,prod-node-1:9100,resolved,157,no
2026-08-07T19:17:27Z,NetworkReceiveDropRate,warning,network,prod-node-2:9100,resolved,65,no
2026-08-07T19:29:24Z,DiskFillingFast,warning,node-exporter,prod-node-2:9100,resolved,41,no
2026-08-07T19:34:13Z,HighMemoryUsage,warning,node-exporter,prod-node-2:9100,resolved,110,no
2026-08-07T20:02:40Z,HighMemoryUsage,warning,node-exporter,prod-node-1:9100,resolved,61,no
2026-08-07T20:44:42Z,NetworkReceiveDropRate,warning,network,prod-node-1:9100,resolved,171,no
2026-08-07T23:52:20Z,HighCPUUsage,warning,node-exporter,prod-node-1:9100,resolved,71,no
2026-08-08T00:12:23Z,DiskFillingFast,warning,node-exporter,prod-node-2:9100,resolved,105,no
2026-08-08T01:06:59Z,NetworkReceiveDropRate,warning,network,prod-node-1:9100,resolved,92,no
2026-08-08T01:11:41Z,TemporaryLockContention,warning,database,prod-node-3:9100,resolved,130,no
2026-08-08T02:23:35Z,NetworkReceiveDropRate,warning,network,prod-node-2:9100,resolved,71,no
2026-08-08T04:16:08Z,DNSResolutionSlowSpike,warning,coredns,prod-node-1:9100,resolved,168,no
2026-08-08T05:02:32Z,HighCPUUsage,warning,node-exporter,prod-node-3:9100,resolved,154,no
2026-08-08T09:04:14Z,DiskFillingFast,warning,node-exporter,prod-node-3:9100,resolved,73,no
2026-08-08T09:20:40Z,HTTPClientSlowLatency,warning,api-gateway,prod-node-2:9100,resolved,174,no
2026-08-08T09:37:41Z,HighMemoryUsage,warning,node-exporter,prod-node-2:9100,resolved,148,no
2026-08-08T09:39:04Z,HighCPUUsage,warning,node-exporter,prod-node-3:9100,resolved,33,no
2026-08-08T11:43:07Z,HTTPClientSlowLatency,warning,api-gateway,prod-node-2:9100,resolved,48,no
2026-08-08T12:05:23Z,TemporaryLockContention,warning,database,prod-node-2:9100,resolved,108,no
2026-08-08T12:45:04Z,HighContextSwitches,info,system,prod-node-1:9100,resolved,166,no
2026-08-08T12:56:25Z,DiskFillingFast,warning,node-exporter,prod-node-2:9100,resolved,174,no
2026-08-08T13:38:11Z,HighCPUUsage,warning,node-exporter,prod-node-3:9100,resolved,55,no
2026-08-08T13:40:39Z,DiskFillingFast,warning,node-exporter,prod-node-3:9100,resolved,141,no
2026-08-08T14:08:23Z,DiskFillingFast,warning,node-exporter,prod-node-3:9100,resolved,89,no
2026-08-08T15:27:16Z,DiskFillingFast,warning,node-exporter,prod-node-2:9100,resolved,20,no
2026-08-08T15:45:13Z,HighCPUUsage,warning,node-exporter,prod-node-2:9100,resolved,55,no
2026-08-08T16:02:37Z,NetworkReceiveDropRate,warning,network,prod-node-3:9100,resolved,137,no
2026-08-08T16:09:12Z,HighMemoryUsage,warning,node-exporter,prod-node-1:9100,resolved,72,no
2026-08-08T22:04:31Z,DNSResolutionSlowSpike,warning,coredns,prod-node-2:9100,resolved,51,no
2026-08-08T22:13:15Z,HighCPUUsage,warning,node-exporter,prod-node-2:9100,resolved,155,no
2026-08-08T22:15:53Z,DiskFillingFast,warning,node-exporter,prod-node-1:9100,resolved,60,no
2026-08-09T02:04:05Z,HTTPClientSlowLatency,warning,api-gateway,prod-node-2:9100,resolved,84,no
2026-08-09T02:51:12Z,HighCPUUsage,warning,node-exporter,prod-node-2:9100,resolved,96,no
2026-08-09T02:54:42Z,NetworkReceiveDropRate,warning,network,prod-node-2:9100,resolved,96,no
2026-08-09T03:24:19Z,HighContextSwitches,info,system,prod-node-2:9100,resolved,87,no
2026-08-09T04:21:04Z,HighMemoryUsage,warning,node-exporter,prod-node-1:9100,resolved,156,no
2026-08-09T06:03:32Z,HighCPUUsage,warning,node-exporter,prod-node-3:9100,resolved,154,no
2026-08-09T06:58:43Z,HTTPClientSlowLatency,warning,api-gateway,prod-node-3:9100,resolved,25,no
2026-08-09T07:16:53Z,HighCPUUsage,warning,node-exporter,prod-node-3:9100,resolved,23,no
2026-08-09T08:00:40Z,DiskFillingFast,warning,node-exporter,prod-node-3:9100,resolved,27,no
2026-08-09T08:11:52Z,HTTPClientSlowLatency,warning,api-gateway,prod-node-3:9100,resolved,121,no
2026-08-09T09:43:38Z,NetworkReceiveDropRate,warning,network,prod-node-3:9100,resolved,123,no
2026-08-09T10:59:51Z,HighMemoryUsage,warning,node-exporter,prod-node-2:9100,resolved,27,no
2026-08-09T11:58:19Z,ContainerOOMKilledTransient,warning,app-worker,prod-node-1:9100,resolved,75,no
2026-08-09T12:21:35Z,HighContextSwitches,info,system,prod-node-3:9100,resolved,45,no
2026-08-09T13:17:28Z,NetworkReceiveDropRate,warning,network,prod-node-2:9100,resolved,118,no
2026-08-09T14:12:22Z,DiskFillingFast,warning,node-exporter,prod-node-1:9100,resolved,74,no
2026-08-09T14:50:45Z,DiskFillingFast,warning,node-exporter,prod-node-2:9100,resolved,127,no
2026-08-09T15:08:04Z,DiskFillingFast,warning,node-exporter,prod-node-3:9100,resolved,142,no
2026-08-09T15:58:10Z,DiskFillingFast,warning,node-exporter,prod-node-3:9100,resolved,26,no
2026-08-09T17:38:56Z,DiskFillingFast,warning,node-exporter,prod-node-2:9100,resolved,30,no
2026-08-09T17:56:42Z,DiskFillingFast,warning,node-exporter,prod-node-3:9100,resolved,96,no
2026-08-09T18:49:54Z,HighCPUUsage,warning,node-exporter,prod-node-2:9100,resolved,47,no
2026-08-09T20:00:23Z,HighContextSwitches,info,system,prod-node-2:9100,resolved,124,no
2026-08-09T20:16:42Z,HighMemoryUsage,warning,node-exporter,prod-node-1:9100,resolved,109,no
2026-08-09T21:38:26Z,DiskFillingFast,warning,node-exporter,prod-node-2:9100,resolved,87,no
2026-08-09T22:06:24Z,HighContextSwitches,info,system,prod-node-3:9100,resolved,117,no
2026-08-09T23:08:39Z,TemporaryLockContention,warning,database,prod-node-1:9100,resolved,100,no
2026-08-09T23:23:08Z,NginxWorkerThreadStall,warning,ingress,prod-node-2:9100,resolved,61,no
2026-08-09T23:50:43Z,DiskFillingFast,warning,node-exporter,prod-node-1:9100,resolved,96,no
2026-08-10T01:53:20Z,DiskFillingFast,warning,node-exporter,prod-node-3:9100,resolved,144,no
2026-08-10T02:43:05Z,TemporaryLockContention,warning,database,prod-node-2:9100,resolved,124,no
2026-08-10T04:01:29Z,ContainerOOMKilledTransient,warning,app-worker,prod-node-3:9100,resolved,127,no
2026-08-10T05:25:30Z,NetworkReceiveDropRate,warning,network,prod-node-3:9100,resolved,110,no
2026-08-10T08:06:04Z,TemporaryLockContention,warning,database,prod-node-3:9100,resolved,24,no
2026-08-10T08:08:15Z,DiskFillingFast,warning,node-exporter,prod-node-1:9100,resolved,107,no
2026-08-10T09:45:12Z,NetworkReceiveDropRate,warning,network,prod-node-1:9100,resolved,27,no
2026-08-10T09:47:35Z,NginxWorkerThreadStall,warning,ingress,prod-node-3:9100,resolved,119,no
2026-08-10T11:55:44Z,NginxWorkerThreadStall,warning,ingress,prod-node-3:9100,resolved,107,no
2026-08-10T14:31:24Z,NetworkReceiveDropRate,warning,network,prod-node-3:9100,resolved,136,no
2026-08-10T15:18:44Z,HighContextSwitches,info,system,prod-node-2:9100,resolved,143,no
2026-08-10T16:37:46Z,HighCPUUsage,warning,node-exporter,prod-node-1:9100,resolved,80,no
2026-08-10T16:47:51Z,TemporaryLockContention,warning,database,prod-node-2:9100,resolved,55,no
2026-08-10T17:03:03Z,DiskFillingFast,warning,node-exporter,prod-node-2:9100,resolved,114,no
2026-08-10T20:01:45Z,TemporaryLockContention,warning,database,prod-node-2:9100,resolved,48,no
2026-08-10T20:32:53Z,HighMemoryUsage,warning,node-exporter,prod-node-2:9100,resolved,131,no
2026-08-10T21:27:12Z,NetworkReceiveDropRate,warning,network,prod-node-2:9100,resolved,28,no
2026-08-10T22:00:08Z,HighCPUUsage,warning,node-exporter,prod-node-2:9100,resolved,80,no
2026-08-10T23:06:15Z,ContainerOOMKilledTransient,warning,app-worker,prod-node-1:9100,resolved,159,no
2026-08-10T23:28:32Z,DiskFillingFast,warning,node-exporter,prod-node-3:9100,resolved,36,no
2026-08-11T00:01:52Z,HTTPClientSlowLatency,warning,api-gateway,prod-node-2:9100,resolved,30,no
2026-08-11T00:28:14Z,HighMemoryUsage,warning,node-exporter,prod-node-3:9100,resolved,57,no
2026-08-11T00:30:34Z,HighContextSwitches,info,system,prod-node-1:9100,resolved,28,no
2026-08-11T00:46:25Z,HighCPUUsage,warning,node-exporter,prod-node-2:9100,resolved,28,no
2026-08-11T00:49:43Z,HighContextSwitches,info,system,prod-node-1:9100,resolved,105,no
2026-08-11T01:48:51Z,DiskFillingFast,warning,node-exporter,prod-node-3:9100,resolved,87,no
2026-08-11T02:11:41Z,HighContextSwitches,info,system,prod-node-1:9100,resolved,121,no
2026-08-11T02:40:46Z,NginxWorkerThreadStall,warning,ingress,prod-node-3:9100,resolved,49,no
2026-08-11T03:33:55Z,HighContextSwitches,info,system,prod-node-1:9100,resolved,69,no
2026-08-11T03:36:43Z,NginxWorkerThreadStall,warning,ingress,prod-node-2:9100,resolved,102,no
2026-08-11T03:48:19Z,DiskFillingFast,warning,node-exporter,prod-node-1:9100,resolved,96,no
2026-08-11T04:22:55Z,DiskFillingFast,warning,node-exporter,prod-node-2:9100,resolved,126,no
2026-08-11T04:44:45Z,TemporaryLockContention,warning,database,prod-node-1:9100,resolved,143,no
2026-08-11T05:22:13Z,DNSResolutionSlowSpike,warning,coredns,prod-node-2:9100,resolved,82,no
2026-08-11T06:07:26Z,DiskFillingFast,warning,node-exporter,prod-node-1:9100,resolved,134,no
2026-08-11T07:05:46Z,TemporaryLockContention,warning,database,prod-node-2:9100,resolved,45,no
2026-08-11T07:13:31Z,HighCPUUsage,warning,node-exporter,prod-node-2:9100,resolved,156,no
2026-08-11T07:45:40Z,HighMemoryUsage,warning,node-exporter,prod-node-1:9100,resolved,163,no
2026-08-11T08:21:42Z,HighContextSwitches,info,system,prod-node-3:9100,resolved,21,no
2026-08-11T08:33:58Z,HighMemoryUsage,warning,node-exporter,prod-node-3:9100,resolved,89,no
2026-08-11T10:17:11Z,DiskFillingFast,warning,node-exporter,prod-node-2:9100,resolved,95,no
2026-08-11T11:50:46Z,HTTPClientSlowLatency,warning,api-gateway,prod-node-3:9100,resolved,100,no
2026-08-11T12:04:29Z,DiskFillingFast,warning,node-exporter,prod-node-2:9100,resolved,109,no
2026-08-11T14:10:21Z,HighContextSwitches,info,system,prod-node-2:9100,resolved,42,no
2026-08-11T15:08:49Z,ContainerOOMKilledTransient,warning,app-worker,prod-node-2:9100,resolved,61,no
2026-08-11T17:31:06Z,TemporaryLockContention,warning,database,prod-node-3:9100,resolved,127,no
2026-08-11T19:31:38Z,HTTPClientSlowLatency,warning,api-gateway,prod-node-1:9100,resolved,27,no
2026-08-11T20:05:30Z,DiskAlmostFull,critical,storage,prod-node-1:9100,resolved,2986,yes
2026-08-11T20:15:32Z,DNSResolutionSlowSpike,warning,coredns,prod-node-3:9100,resolved,124,no
2026-08-11T20:39:44Z,HighCPUUsage,warning,node-exporter,prod-node-2:9100,resolved,145,no
2026-08-11T23:11:28Z,NetworkReceiveDropRate,warning,network,prod-node-2:9100,resolved,88,no
2026-08-11T23:46:57Z,HighCPUUsage,warning,node-exporter,prod-node-1:9100,resolved,150,no
2026-08-12T02:25:51Z,HighMemoryUsage,warning,node-exporter,prod-node-1:9100,resolved,169,no
2026-08-12T02:43:11Z,DiskFillingFast,warning,node-exporter,prod-node-3:9100,resolved,68,no
2026-08-12T03:44:50Z,DiskFillingFast,warning,node-exporter,prod-node-2:9100,resolved,50,no
2026-08-12T06:48:53Z,DiskFillingFast,warning,node-exporter,prod-node-1:9100,resolved,57,no
2026-08-12T07:59:01Z,DiskFillingFast,warning,node-exporter,prod-node-3:9100,resolved,29,no
2026-08-12T08:34:47Z,HTTPClientSlowLatency,warning,api-gateway,prod-node-1:9100,resolved,111,no
2026-08-12T08:48:23Z,HTTPClientSlowLatency,warning,api-gateway,prod-node-1:9100,resolved,170,no
2026-08-12T10:13:51Z,HighCPUUsage,warning,node-exporter,prod-node-2:9100,resolved,108,no
2026-08-12T10:27:28Z,DiskFillingFast,warning,node-exporter,prod-node-3:9100,resolved,71,no
2026-08-12T11:02:16Z,HighCPUUsage,warning,node-exporter,prod-node-3:9100,resolved,116,no
2026-08-12T12:14:21Z,HTTPClientSlowLatency,warning,api-gateway,prod-node-3:9100,resolved,170,no
2026-08-12T13:19:16Z,DiskFillingFast,warning,node-exporter,prod-node-2:9100,resolved,65,no
2026-08-12T14:30:57Z,ContainerOOMKilledTransient,warning,app-worker,prod-node-2:9100,resolved,33,no
2026-08-12T16:17:32Z,DiskFillingFast,warning,node-exporter,prod-node-3:9100,resolved,135,no
2026-08-12T16:31:41Z,HighCPUUsage,warning,node-exporter,prod-node-3:9100,resolved,37,no
2026-08-12T16:33:23Z,DiskFillingFast,warning,node-exporter,prod-node-1:9100,resolved,33,no
2026-08-12T16:55:40Z,NetworkReceiveDropRate,warning,network,prod-node-2:9100,resolved,65,no
2026-08-12T17:15:08Z,HighMemoryUsage,warning,node-exporter,prod-node-1:9100,resolved,143,no
2026-08-12T17:25:50Z,HighCPUUsage,warning,node-exporter,prod-node-2:9100,resolved,49,no
2026-08-12T18:30:42Z,DiskFillingFast,warning,node-exporter,prod-node-3:9100,resolved,85,no
2026-08-12T18:54:02Z,DNSResolutionSlowSpike,warning,coredns,prod-node-1:9100,resolved,124,no
2026-08-12T18:59:43Z,NetworkReceiveDropRate,warning,network,prod-node-2:9100,resolved,43,no
2026-08-12T19:35:05Z,NetworkReceiveDropRate,warning,network,prod-node-2:9100,resolved,141,no
2026-08-12T19:49:16Z,NetworkReceiveDropRate,warning,network,prod-node-1:9100,resolved,165,no
2026-08-12T20:00:38Z,TemporaryLockContention,warning,database,prod-node-2:9100,resolved,80,no
2026-08-12T20:38:06Z,HighMemoryUsage,warning,node-exporter,prod-node-1:9100,resolved,164,no
2026-08-12T22:19:48Z,DiskFillingFast,warning,node-exporter,prod-node-2:9100,resolved,77,no
2026-08-12T23:24:51Z,NetworkReceiveDropRate,warning,network,prod-node-1:9100,resolved,51,no
2026-08-13T00:34:23Z,HighCPUUsage,warning,node-exporter,prod-node-2:9100,resolved,127,no
2026-08-13T00:34:49Z,DiskFillingFast,warning,node-exporter,prod-node-1:9100,resolved,44,no
2026-08-13T00:36:50Z,DNSResolutionSlowSpike,warning,coredns,prod-node-2:9100,resolved,178,no
2026-08-13T00:40:26Z,HighMemoryUsage,warning,node-exporter,prod-node-1:9100,resolved,52,no
2026-08-13T01:23:56Z,HighCPUUsage,warning,node-exporter,prod-node-2:9100,resolved,117,no
2026-08-13T02:18:24Z,ContainerOOMKilledTransient,warning,app-worker,prod-node-3:9100,resolved,30,no
2026-08-13T04:04:12Z,ContainerOOMKilledTransient,warning,app-worker,prod-node-2:9100,resolved,59,no
2026-08-13T05:26:32Z,HighCPUUsage,warning,node-exporter,prod-node-2:9100,resolved,79,no
2026-08-13T06:09:06Z,DNSResolutionSlowSpike,warning,coredns,prod-node-2:9100,resolved,71,no
2026-08-13T08:43:51Z,NetworkReceiveDropRate,warning,network,prod-node-3:9100,resolved,147,no
2026-08-13T12:14:36Z,NginxWorkerThreadStall,warning,ingress,prod-node-3:9100,resolved,135,no
2026-08-13T13:18:08Z,NetworkReceiveDropRate,warning,network,prod-node-3:9100,resolved,75,no
2026-08-13T13:41:28Z,HighMemoryUsage,warning,node-exporter,prod-node-2:9100,resolved,53,no
2026-08-13T14:40:02Z,DiskFillingFast,warning,node-exporter,prod-node-2:9100,resolved,144,no
2026-08-13T14:50:32Z,DNSResolutionSlowSpike,warning,coredns,prod-node-3:9100,resolved,176,no
2026-08-13T15:09:08Z,TemporaryLockContention,warning,database,prod-node-1:9100,resolved,175,no
2026-08-13T15:31:58Z,HighMemoryUsage,warning,node-exporter,prod-node-2:9100,resolved,35,no
2026-08-13T16:54:12Z,DiskFillingFast,warning,node-exporter,prod-node-1:9100,resolved,155,no
2026-08-13T17:27:05Z,ContainerOOMKilledTransient,warning,app-worker,prod-node-2:9100,resolved,143,no
2026-08-13T17:28:41Z,HighMemoryUsage,warning,node-exporter,prod-node-2:9100,resolved,30,no
2026-08-13T18:47:58Z,NetworkReceiveDropRate,warning,network,prod-node-3:9100,resolved,101,no
2026-08-13T19:25:45Z,DNSResolutionSlowSpike,warning,coredns,prod-node-2:9100,resolved,178,no
2026-08-13T19:37:55Z,HighCPUUsage,warning,node-exporter,prod-node-2:9100,resolved,94,no
2026-08-13T19:40:13Z,NginxWorkerThreadStall,warning,ingress,prod-node-3:9100,resolved,82,no
2026-08-13T20:22:36Z,DNSResolutionSlowSpike,warning,coredns,prod-node-1:9100,resolved,21,no
2026-08-13T20:39:22Z,HighContextSwitches,info,system,prod-node-2:9100,resolved,164,no
2026-08-13T21:27:18Z,NetworkReceiveDropRate,warning,network,prod-node-2:9100,resolved,60,no
2026-08-13T22:00:26Z,TemporaryLockContention,warning,database,prod-node-2:9100,resolved,136,no
2026-08-13T23:26:20Z,DNSResolutionSlowSpike,warning,coredns,prod-node-2:9100,resolved,146,no
2026-08-13T23:33:48Z,HighMemoryUsage,warning,node-exporter,prod-node-3:9100,resolved,157,no
2026-08-14T00:14:19Z,HighContextSwitches,info,system,prod-node-2:9100,resolved,151,no
2026-08-14T00:57:59Z,NetworkReceiveDropRate,warning,network,prod-node-1:9100,resolved,29,no
2026-08-14T01:02:53Z,HighMemoryUsage,warning,node-exporter,prod-node-1:9100,resolved,35,no
2026-08-14T01:27:02Z,HTTPClientSlowLatency,warning,api-gateway,prod-node-1:9100,resolved,31,no
2026-08-14T02:04:16Z,HighMemoryUsage,warning,node-exporter,prod-node-3:9100,resolved,31,no
2026-08-14T04:42:56Z,HighCPUUsage,warning,node-exporter,prod-node-1:9100,resolved,115,no
2026-08-14T05:00:59Z,HighMemoryUsage,warning,node-exporter,prod-node-3:9100,resolved,48,no
2026-08-14T05:49:44Z,HighCPUUsage,warning,node-exporter,prod-node-2:9100,resolved,179,no
2026-08-14T06:12:53Z,HighCPUUsage,warning,node-exporter,prod-node-1:9100,resolved,38,no
2026-08-14T06:16:26Z,HighCPUUsage,warning,node-exporter,prod-node-1:9100,resolved,133,no
2026-08-14T07:17:13Z,NetworkReceiveDropRate,warning,network,prod-node-2:9100,resolved,124,no
2026-08-14T07:32:29Z,TemporaryLockContention,warning,database,prod-node-2:9100,resolved,44,no
2026-08-14T14:37:14Z,ContainerOOMKilledTransient,warning,app-worker,prod-node-3:9100,resolved,152,no
2026-08-14T14:56:43Z,HighMemoryUsage,warning,node-exporter,prod-node-2:9100,resolved,82,no
2026-08-14T17:14:28Z,HTTPClientSlowLatency,warning,api-gateway,prod-node-1:9100,resolved,161,no
2026-08-14T18:00:01Z,NetworkReceiveDropRate,warning,network,prod-node-2:9100,resolved,138,no
2026-08-14T18:09:29Z,HTTPClientSlowLatency,warning,api-gateway,prod-node-1:9100,resolved,150,no
2026-08-14T18:43:13Z,ContainerOOMKilledTransient,warning,app-worker,prod-node-3:9100,resolved,141,no
2026-08-14T19:37:15Z,HighCPUUsage,warning,node-exporter,prod-node-3:9100,resolved,152,no
2026-08-14T20:04:55Z,HighCPUUsage,warning,node-exporter,prod-node-1:9100,resolved,70,no
2026-08-14T22:54:57Z,NginxWorkerThreadStall,warning,ingress,prod-node-3:9100,resolved,37,no
2026-08-14T23:14:40Z,DNSResolutionSlowSpike,warning,coredns,prod-node-3:9100,resolved,82,no
2026-08-14T23:22:07Z,DiskFillingFast,warning,node-exporter,prod-node-2:9100,resolved,46,no
2026-08-15T00:03:40Z,HighCPUUsage,warning,node-exporter,prod-node-1:9100,resolved,65,no
2026-08-15T00:27:14Z,HTTPClientSlowLatency,warning,api-gateway,prod-node-3:9100,resolved,25,no
2026-08-15T00:39:02Z,DiskFillingFast,warning,node-exporter,prod-node-2:9100,resolved,51,no
2026-08-15T04:12:38Z,NginxWorkerThreadStall,warning,ingress,prod-node-3:9100,resolved,162,no
2026-08-15T05:09:55Z,HighMemoryUsage,warning,node-exporter,prod-node-2:9100,resolved,105,no
2026-08-15T05:30:00Z,HighMemoryUsage,warning,node-exporter,prod-node-2:9100,resolved,56,no
2026-08-15T05:40:14Z,TemporaryLockContention,warning,database,prod-node-2:9100,resolved,54,no
2026-08-15T06:01:58Z,HighCPUUsage,warning,node-exporter,prod-node-1:9100,resolved,117,no
2026-08-15T06:27:17Z,DiskFillingFast,warning,node-exporter,prod-node-3:9100,resolved,150,no
2026-08-15T07:15:53Z,HighMemoryUsage,warning,node-exporter,prod-node-2:9100,resolved,152,no
2026-08-15T07:25:29Z,HighCPUUsage,warning,node-exporter,prod-node-1:9100,resolved,145,no
2026-08-15T07:38:41Z,NetworkReceiveDropRate,warning,network,prod-node-3:9100,resolved,45,no
2026-08-15T08:33:10Z,HTTPClientSlowLatency,warning,api-gateway,prod-node-1:9100,resolved,161,no
2026-08-15T10:49:11Z,NetworkReceiveDropRate,warning,network,prod-node-1:9100,resolved,126,no
2026-08-15T12:03:23Z,NetworkReceiveDropRate,warning,network,prod-node-2:9100,resolved,88,no
2026-08-15T12:40:57Z,HighCPUUsage,warning,node-exporter,prod-node-2:9100,resolved,41,no
2026-08-15T13:50:02Z,HighMemoryUsage,warning,node-exporter,prod-node-3:9100,resolved,32,no
2026-08-15T14:58:00Z,HTTPClientSlowLatency,warning,api-gateway,prod-node-3:9100,resolved,74,no
2026-08-15T14:58:58Z,HighCPUUsage,warning,node-exporter,prod-node-1:9100,resolved,118,no
2026-08-15T15:26:38Z,HighCPUUsage,warning,node-exporter,prod-node-2:9100,resolved,139,no
2026-08-15T15:53:22Z,HighCPUUsage,warning,node-exporter,prod-node-1:9100,resolved,158,no
2026-08-15T16:11:47Z,ContainerOOMKilledTransient,warning,app-worker,prod-node-3:9100,resolved,79,no
2026-08-15T17:48:37Z,HighCPUUsage,warning,node-exporter,prod-node-3:9100,resolved,102,no
2026-08-15T18:27:42Z,TemporaryLockContention,warning,database,prod-node-1:9100,resolved,31,no
2026-08-15T19:48:28Z,DiskFillingFast,warning,node-exporter,prod-node-1:9100,resolved,91,no
2026-08-15T19:56:02Z,TemporaryLockContention,warning,database,prod-node-3:9100,resolved,75,no
2026-08-15T20:16:07Z,DiskFillingFast,warning,node-exporter,prod-node-2:9100,resolved,108,no
2026-08-15T20:22:04Z,TemporaryLockContention,warning,database,prod-node-2:9100,resolved,176,no
2026-08-15T21:18:01Z,HighMemoryUsage,warning,node-exporter,prod-node-3:9100,resolved,89,no
2026-08-15T23:04:41Z,ContainerOOMKilledTransient,warning,app-worker,prod-node-2:9100,resolved,105,no
2026-08-15T23:06:29Z,HighCPUUsage,warning,node-exporter,prod-node-3:9100,resolved,96,no
2026-08-15T23:06:57Z,DiskFillingFast,warning,node-exporter,prod-node-1:9100,resolved,161,no
2026-08-16T00:32:27Z,DNSResolutionSlowSpike,warning,coredns,prod-node-2:9100,resolved,85,no
2026-08-16T01:28:41Z,NetworkReceiveDropRate,warning,network,prod-node-2:9100,resolved,22,no
2026-08-16T02:03:07Z,DiskFillingFast,warning,node-exporter,prod-node-3:9100,resolved,137,no
2026-08-16T02:22:37Z,NginxWorkerThreadStall,warning,ingress,prod-node-1:9100,resolved,22,no
2026-08-16T03:02:55Z,ContainerOOMKilledTransient,warning,app-worker,prod-node-3:9100,resolved,34,no
2026-08-16T03:13:04Z,DiskFillingFast,warning,node-exporter,prod-node-3:9100,resolved,51,no
2026-08-16T03:25:00Z,TemporaryLockContention,warning,database,prod-node-1:9100,resolved,103,no
2026-08-16T04:32:49Z,TemporaryLockContention,warning,database,prod-node-2:9100,resolved,45,no
2026-08-16T05:09:58Z,HighMemoryUsage,warning,node-exporter,prod-node-1:9100,resolved,34,no
2026-08-16T05:48:46Z,HighContextSwitches,info,system,prod-node-2:9100,resolved,157,no
2026-08-16T07:22:45Z,DiskFillingFast,warning,node-exporter,prod-node-3:9100,resolved,140,no
2026-08-16T09:03:01Z,HTTPClientSlowLatency,warning,api-gateway,prod-node-2:9100,resolved,163,no
2026-08-16T09:15:24Z,HighMemoryUsage,warning,node-exporter,prod-node-3:9100,resolved,129,no
2026-08-16T09:31:05Z,TemporaryLockContention,warning,database,prod-node-1:9100,resolved,58,no
2026-08-16T10:20:11Z,NetworkReceiveDropRate,warning,network,prod-node-3:9100,resolved,136,no
2026-08-16T11:06:06Z,DiskAlmostFull,critical,storage,prod-node-3:9100,resolved,6436,yes
2026-08-16T11:35:54Z,DiskFillingFast,warning,node-exporter,prod-node-2:9100,resolved,23,no
2026-08-16T11:50:58Z,HighMemoryUsage,warning,node-exporter,prod-node-3:9100,resolved,57,no
2026-08-16T12:23:22Z,HighCPUUsage,warning,node-exporter,prod-node-2:9100,resolved,32,no
2026-08-16T12:36:24Z,HTTPClientSlowLatency,warning,api-gateway,prod-node-3:9100,resolved,62,no
2026-08-16T15:28:34Z,DiskFillingFast,warning,node-exporter,prod-node-3:9100,resolved,23,no
2026-08-16T16:31:55Z,NetworkReceiveDropRate,warning,network,prod-node-1:9100,resolved,139,no
2026-08-16T17:43:12Z,NginxWorkerThreadStall,warning,ingress,prod-node-3:9100,resolved,40,no
2026-08-16T18:32:58Z,HighMemoryUsage,warning,node-exporter,prod-node-2:9100,resolved,161,no
2026-08-16T19:04:50Z,DiskFillingFast,warning,node-exporter,prod-node-1:9100,resolved,112,no
2026-08-16T19:47:48Z,NetworkReceiveDropRate,warning,network,prod-node-1:9100,resolved,95,no
2026-08-16T19:56:14Z,DiskFillingFast,warning,node-exporter,prod-node-1:9100,resolved,86,no
2026-08-16T20:41:53Z,DiskFillingFast,warning,node-exporter,prod-node-1:9100,resolved,137,no
2026-08-16T21:17:05Z,NetworkReceiveDropRate,warning,network,prod-node-1:9100,resolved,84,no
2026-08-16T22:08:10Z,HighCPUUsage,warning,node-exporter,prod-node-1:9100,resolved,162,no
2026-08-16T23:13:29Z,HTTPClientSlowLatency,warning,api-gateway,prod-node-3:9100,resolved,146,no
2026-08-16T23:36:21Z,TemporaryLockContention,warning,database,prod-node-3:9100,resolved,123,no
2026-08-17T00:08:39Z,HighContextSwitches,info,system,prod-node-1:9100,resolved,25,no
2026-08-17T00:41:03Z,HighContextSwitches,info,system,prod-node-2:9100,resolved,134,no
2026-08-17T01:02:15Z,HighContextSwitches,info,system,prod-node-2:9100,resolved,23,no
2026-08-17T05:37:24Z,TemporaryLockContention,warning,database,prod-node-2:9100,resolved,163,no
2026-08-17T08:42:42Z,HighCPUUsage,warning,node-exporter,prod-node-3:9100,resolved,56,no
2026-08-17T11:25:21Z,HighContextSwitches,info,system,prod-node-3:9100,resolved,20,no
2026-08-17T13:59:23Z,HighCPUUsage,warning,node-exporter,prod-node-3:9100,resolved,106,no
2026-08-17T17:46:14Z,HighCPUUsage,warning,node-exporter,prod-node-3:9100,resolved,48,no
2026-08-17T17:54:04Z,TemporaryLockContention,warning,database,prod-node-2:9100,resolved,167,no
2026-08-17T19:57:25Z,HighContextSwitches,info,system,prod-node-3:9100,resolved,179,no
2026-08-17T20:47:17Z,HighContextSwitches,info,system,prod-node-3:9100,resolved,89,no
2026-08-17T20:59:55Z,DiskFillingFast,warning,node-exporter,prod-node-2:9100,resolved,138,no
2026-08-17T21:03:39Z,HighContextSwitches,info,system,prod-node-1:9100,resolved,41,no
2026-08-17T21:10:09Z,NetworkReceiveDropRate,warning,network,prod-node-2:9100,resolved,24,no
2026-08-17T22:33:02Z,DiskFillingFast,warning,node-exporter,prod-node-3:9100,resolved,122,no
2026-08-17T23:03:23Z,HighMemoryUsage,warning,node-exporter,prod-node-2:9100,resolved,91,no
2026-08-17T23:14:03Z,DiskAlmostFull,critical,storage,prod-node-2:9100,resolved,1401,yes
2026-08-17T23:40:50Z,HighMemoryUsage,warning,node-exporter,prod-node-1:9100,resolved,73,no
2026-08-18T01:55:33Z,DiskFillingFast,warning,node-exporter,prod-node-2:9100,resolved,117,no
2026-08-18T02:21:10Z,DiskFillingFast,warning,node-exporter,prod-node-2:9100,resolved,96,no
2026-08-18T02:46:54Z,TemporaryLockContention,warning,database,prod-node-1:9100,resolved,150,no
2026-08-18T03:36:59Z,HighCPUUsage,warning,node-exporter,prod-node-2:9100,resolved,66,no
2026-08-18T03:38:38Z,NetworkReceiveDropRate,warning,network,prod-node-1:9100,resolved,171,no
2026-08-18T04:51:29Z,HTTPClientSlowLatency,warning,api-gateway,prod-node-2:9100,resolved,66,no
2026-08-18T06:05:12Z,HighContextSwitches,info,system,prod-node-3:9100,resolved,151,no
2026-08-18T07:23:13Z,HighContextSwitches,info,system,prod-node-2:9100,resolved,129,no
2026-08-18T08:41:43Z,NginxWorkerThreadStall,warning,ingress,prod-node-1:9100,resolved,42,no
2026-08-18T08:54:49Z,DNSResolutionSlowSpike,warning,coredns,prod-node-3:9100,resolved,35,no
2026-08-18T09:02:05Z,NetworkReceiveDropRate,warning,network,prod-node-2:9100,resolved,98,no
2026-08-18T09:29:11Z,HTTPClientSlowLatency,warning,api-gateway,prod-node-3:9100,resolved,68,no
2026-08-18T12:16:25Z,HTTPClientSlowLatency,warning,api-gateway,prod-node-2:9100,resolved,166,no
2026-08-18T12:41:46Z,ContainerOOMKilledTransient,warning,app-worker,prod-node-2:9100,resolved,100,no
2026-08-18T14:52:34Z,HTTPClientSlowLatency,warning,api-gateway,prod-node-1:9100,resolved,64,no
2026-08-18T15:47:27Z,NginxWorkerThreadStall,warning,ingress,prod-node-3:9100,resolved,97,no
2026-08-18T16:00:10Z,HighMemoryUsage,warning,node-exporter,prod-node-1:9100,resolved,139,no
2026-08-18T17:05:39Z,HighCPUUsage,warning,node-exporter,prod-node-2:9100,resolved,33,no
2026-08-18T17:49:44Z,HighCPUUsage,warning,node-exporter,prod-node-2:9100,resolved,169,no
2026-08-18T18:39:10Z,HighMemoryUsage,warning,node-exporter,prod-node-1:9100,resolved,102,no
2026-08-18T22:43:32Z,HighContextSwitches,info,system,prod-node-1:9100,resolved,130,no
2026-08-18T22:55:25Z,ContainerOOMKilledTransient,warning,app-worker,prod-node-2:9100,resolved,149,no
2026-08-18T23:25:36Z,DiskFillingFast,warning,node-exporter,prod-node-2:9100,resolved,79,no
2026-08-19T03:13:45Z,NetworkReceiveDropRate,warning,network,prod-node-3:9100,resolved,112,no
2026-08-19T03:33:53Z,HTTPClientSlowLatency,warning,api-gateway,prod-node-1:9100,resolved,67,no
2026-08-19T03:36:20Z,NetworkReceiveDropRate,warning,network,prod-node-1:9100,resolved,117,no
2026-08-19T03:52:37Z,NginxWorkerThreadStall,warning,ingress,prod-node-3:9100,resolved,150,no
2026-08-19T04:20:00Z,DNSResolutionSlowSpike,warning,coredns,prod-node-3:9100,resolved,149,no
2026-08-19T04:54:03Z,HighCPUUsage,warning,node-exporter,prod-node-2:9100,resolved,108,no
2026-08-19T05:00:01Z,HighContextSwitches,info,system,prod-node-1:9100,resolved,167,no
2026-08-19T05:07:55Z,HighContextSwitches,info,system,prod-node-1:9100,resolved,27,no
2026-08-19T05:38:19Z,TemporaryLockContention,warning,database,prod-node-2:9100,resolved,159,no
2026-08-19T09:37:26Z,HighMemoryUsage,warning,node-exporter,prod-node-3:9100,resolved,49,no
2026-08-19T09:41:58Z,HighContextSwitches,info,system,prod-node-1:9100,resolved,68,no
2026-08-19T11:06:03Z,HighMemoryUsage,warning,node-exporter,prod-node-3:9100,resolved,106,no
2026-08-19T12:01:51Z,NetworkReceiveDropRate,warning,network,prod-node-3:9100,resolved,153,no
2026-08-19T16:38:33Z,DNSResolutionSlowSpike,warning,coredns,prod-node-1:9100,resolved,104,no
2026-08-19T17:01:48Z,HTTPClientSlowLatency,warning,api-gateway,prod-node-2:9100,resolved,49,no
2026-08-19T18:08:51Z,TemporaryLockContention,warning,database,prod-node-3:9100,resolved,138,no
2026-08-19T18:45:45Z,HTTPClientSlowLatency,warning,api-gateway,prod-node-2:9100,resolved,140,no
2026-08-19T19:03:46Z,NetworkReceiveDropRate,warning,network,prod-node-2:9100,resolved,115,no
2026-08-19T22:57:25Z,HighCPUUsage,warning,node-exporter,prod-node-1:9100,resolved,178,no
2026-08-19T23:29:17Z,HighMemoryUsage,warning,node-exporter,prod-node-3:9100,resolved,124,no
2026-08-19T23:38:43Z,HighContextSwitches,info,system,prod-node-3:9100,resolved,34,no
2026-08-19T23:49:10Z,HighContextSwitches,info,system,prod-node-3:9100,resolved,123,no
2026-08-20T00:48:19Z,DiskFillingFast,warning,node-exporter,prod-node-1:9100,resolved,93,no
2026-08-20T02:03:02Z,HighMemoryUsage,warning,node-exporter,prod-node-2:9100,resolved,165,no
2026-08-20T02:22:39Z,HighCPUUsage,warning,node-exporter,prod-node-1:9100,resolved,122,no
2026-08-20T04:49:51Z,NetworkReceiveDropRate,warning,network,prod-node-2:9100,resolved,39,no
2026-08-20T06:08:10Z,TemporaryLockContention,warning,database,prod-node-1:9100,resolved,94,no
2026-08-20T06:34:30Z,HighCPUUsage,warning,node-exporter,prod-node-3:9100,resolved,121,no
2026-08-20T08:29:23Z,HTTPClientSlowLatency,warning,api-gateway,prod-node-3:9100,resolved,126,no
2026-08-20T10:03:46Z,HTTPClientSlowLatency,warning,api-gateway,prod-node-1:9100,resolved,89,no
2026-08-20T11:11:00Z,NetworkReceiveDropRate,warning,network,prod-node-1:9100,resolved,105,no
2026-08-20T11:24:09Z,DiskFillingFast,warning,node-exporter,prod-node-1:9100,resolved,162,no
2026-08-20T11:48:33Z,HighCPUUsage,warning,node-exporter,prod-node-2:9100,resolved,100,no
2026-08-20T12:49:36Z,NetworkReceiveDropRate,warning,network,prod-node-2:9100,resolved,127,no
2026-08-20T14:31:40Z,HTTPClientSlowLatency,warning,api-gateway,prod-node-2:9100,resolved,128,no
2026-08-20T16:12:24Z,DiskFillingFast,warning,node-exporter,prod-node-1:9100,resolved,164,no
2026-08-20T17:13:46Z,HighMemoryUsage,warning,node-exporter,prod-node-1:9100,resolved,102,no
2026-08-20T17:18:34Z,NetworkReceiveDropRate,warning,network,prod-node-2:9100,resolved,117,no
2026-08-20T17:20:34Z,NginxWorkerThreadStall,warning,ingress,prod-node-2:9100,resolved,32,no
2026-08-20T18:27:13Z,DiskFillingFast,warning,node-exporter,prod-node-1:9100,resolved,39,no
2026-08-20T18:46:20Z,HTTPClientSlowLatency,warning,api-gateway,prod-node-1:9100,resolved,122,no
2026-08-20T19:09:08Z,DiskFillingFast,warning,node-exporter,prod-node-2:9100,resolved,87,no
2026-08-20T20:07:47Z,HighCPUUsage,warning,node-exporter,prod-node-1:9100,resolved,157,no
2026-08-20T21:13:18Z,DiskFillingFast,warning,node-exporter,prod-node-1:9100,resolved,64,no
2026-08-20T21:24:11Z,NginxWorkerThreadStall,warning,ingress,prod-node-3:9100,resolved,131,no
2026-08-20T23:12:54Z,ContainerOOMKilledTransient,warning,app-worker,prod-node-1:9100,resolved,86,no
2026-08-20T23:26:26Z,TemporaryLockContention,warning,database,prod-node-2:9100,resolved,180,no
2026-08-21T02:45:43Z,TemporaryLockContention,warning,database,prod-node-3:9100,resolved,132,no
2026-08-21T03:04:43Z,HighContextSwitches,info,system,prod-node-1:9100,resolved,152,no
2026-08-21T03:19:05Z,NetworkReceiveDropRate,warning,network,prod-node-2:9100,resolved,31,no
2026-08-21T03:51:23Z,DiskFillingFast,warning,node-exporter,prod-node-1:9100,resolved,89,no
2026-08-21T05:14:40Z,HTTPClientSlowLatency,warning,api-gateway,prod-node-1:9100,resolved,72,no
2026-08-21T06:41:33Z,HTTPClientSlowLatency,warning,api-gateway,prod-node-2:9100,resolved,123,no
2026-08-21T07:28:35Z,HighMemoryUsage,warning,node-exporter,prod-node-1:9100,resolved,53,no
2026-08-21T08:05:01Z,HighContextSwitches,info,system,prod-node-1:9100,resolved,116,no
2026-08-21T08:17:30Z,NetworkReceiveDropRate,warning,network,prod-node-2:9100,resolved,99,no
2026-08-21T08:45:16Z,DNSResolutionSlowSpike,warning,coredns,prod-node-2:9100,resolved,48,no
2026-08-21T09:13:15Z,HighContextSwitches,info,system,prod-node-3:9100,resolved,111,no
2026-08-21T09:20:42Z,NetworkReceiveDropRate,warning,network,prod-node-1:9100,resolved,128,no
2026-08-21T11:44:42Z,HighCPUUsage,warning,node-exporter,prod-node-3:9100,resolved,120,no
2026-08-21T11:47:44Z,DiskFillingFast,warning,node-exporter,prod-node-1:9100,resolved,61,no
2026-08-21T12:04:57Z,HighCPUUsage,warning,node-exporter,prod-node-1:9100,resolved,147,no
2026-08-21T12:23:11Z,ContainerOOMKilledTransient,warning,app-worker,prod-node-2:9100,resolved,73,no
2026-08-21T13:42:32Z,HighMemoryUsage,warning,node-exporter,prod-node-3:9100,resolved,116,no
2026-08-21T13:52:12Z,NetworkReceiveDropRate,warning,network,prod-node-3:9100,resolved,174,no
2026-08-21T14:15:40Z,HTTPClientSlowLatency,warning,api-gateway,prod-node-1:9100,resolved,48,no
2026-08-21T14:37:36Z,HighMemoryUsage,warning,node-exporter,prod-node-1:9100,resolved,172,no
2026-08-21T15:41:29Z,HighMemoryUsage,warning,node-exporter,prod-node-1:9100,resolved,169,no
2026-08-21T17:02:52Z,HighMemoryUsage,warning,node-exporter,prod-node-2:9100,resolved,127,no
2026-08-21T18:04:27Z,DiskFillingFast,warning,node-exporter,prod-node-2:9100,resolved,65,no
2026-08-21T19:14:34Z,NetworkReceiveDropRate,warning,network,prod-node-2:9100,resolved,164,no
2026-08-21T19:42:32Z,NginxWorkerThreadStall,warning,ingress,prod-node-2:9100,resolved,161,no
2026-08-21T20:11:18Z,HighCPUUsage,warning,node-exporter,prod-node-3:9100,resolved,163,no
2026-08-21T20:21:51Z,HighMemoryUsage,warning,node-exporter,prod-node-2:9100,resolved,127,no
2026-08-21T20:36:55Z,NginxWorkerThreadStall,warning,ingress,prod-node-2:9100,resolved,136,no
2026-08-21T20:57:34Z,ContainerOOMKilledTransient,warning,app-worker,prod-node-1:9100,resolved,122,no
2026-08-21T21:37:04Z,HighMemoryUsage,warning,node-exporter,prod-node-3:9100,resolved,151,no
2026-08-21T21:48:16Z,HTTPClientSlowLatency,warning,api-gateway,prod-node-3:9100,resolved,141,no
2026-08-21T21:53:31Z,DiskFillingFast,warning,node-exporter,prod-node-1:9100,resolved,51,no
2026-08-21T22:06:55Z,HighCPUUsage,warning,node-exporter,prod-node-3:9100,resolved,175,no
2026-08-21T22:56:41Z,HighContextSwitches,info,system,prod-node-3:9100,resolved,126,no
2026-08-21T22:57:12Z,HighMemoryUsage,warning,node-exporter,prod-node-3:9100,resolved,171,no
2026-08-22T00:14:21Z,DiskFillingFast,warning,node-exporter,prod-node-1:9100,resolved,104,no
2026-08-22T00:16:53Z,DatabaseReplicationLag,critical,database,prod-node-3:9100,resolved,6547,yes
2026-08-22T00:48:50Z,DNSResolutionSlowSpike,warning,coredns,prod-node-1:9100,resolved,106,no
2026-08-22T02:03:55Z,TemporaryLockContention,warning,database,prod-node-1:9100,resolved,54,no
2026-08-22T02:22:22Z,NginxWorkerThreadStall,warning,ingress,prod-node-2:9100,resolved,152,no
2026-08-22T02:41:53Z,HTTPClientSlowLatency,warning,api-gateway,prod-node-2:9100,resolved,27,no
2026-08-22T03:06:07Z,DiskFillingFast,warning,node-exporter,prod-node-1:9100,resolved,61,no
2026-08-22T03:38:09Z,ContainerOOMKilledTransient,warning,app-worker,prod-node-1:9100,resolved,167,no
2026-08-22T05:16:53Z,HighCPUUsage,warning,node-exporter,prod-node-3:9100,resolved,162,no
2026-08-22T05:50:44Z,HTTPClientSlowLatency,warning,api-gateway,prod-node-2:9100,resolved,79,no
2026-08-22T05:58:31Z,HighMemoryUsage,warning,node-exporter,prod-node-3:9100,resolved,99,no
2026-08-22T06:36:23Z,DiskFillingFast,warning,node-exporter,prod-node-3:9100,resolved,61,no
2026-08-22T07:16:22Z,DNSResolutionSlowSpike,warning,coredns,prod-node-3:9100,resolved,37,no
2026-08-22T08:07:32Z,NetworkReceiveDropRate,warning,network,prod-node-3:9100,resolved,41,no
2026-08-22T08:32:40Z,HTTPClientSlowLatency,warning,api-gateway,prod-node-3:9100,resolved,147,no
2026-08-22T09:20:15Z,NginxWorkerThreadStall,warning,ingress,prod-node-2:9100,resolved,94,no
2026-08-22T10:11:57Z,DiskFillingFast,warning,node-exporter,prod-node-2:9100,resolved,132,no
2026-08-22T10:33:20Z,DiskFillingFast,warning,node-exporter,prod-node-2:9100,resolved,159,no
2026-08-22T10:59:13Z,HTTPClientSlowLatency,warning,api-gateway,prod-node-3:9100,resolved,131,no
2026-08-22T12:42:06Z,HighContextSwitches,info,system,prod-node-2:9100,resolved,74,no
2026-08-22T14:07:55Z,ContainerOOMKilledTransient,warning,app-worker,prod-node-3:9100,resolved,149,no
2026-08-22T14:09:23Z,NetworkReceiveDropRate,warning,network,prod-node-1:9100,resolved,125,no
2026-08-22T14:46:07Z,HTTPClientSlowLatency,warning,api-gateway,prod-node-2:9100,resolved,46,no
2026-08-22T15:16:01Z,NginxWorkerThreadStall,warning,ingress,prod-node-3:9100,resolved,172,no
2026-08-22T15:27:18Z,DiskFillingFast,warning,node-exporter,prod-node-1:9100,resolved,72,no
2026-08-22T16:45:03Z,HighCPUUsage,warning,node-exporter,prod-node-1:9100,resolved,75,no
2026-08-22T16:57:13Z,DNSResolutionSlowSpike,warning,coredns,prod-node-3:9100,resolved,106,no
2026-08-22T17:06:21Z,HighCPUUsage,warning,node-exporter,prod-node-2:9100,resolved,59,no
2026-08-22T19:36:22Z,NginxWorkerThreadStall,warning,ingress,prod-node-3:9100,resolved,83,no
2026-08-22T19:51:51Z,NetworkReceiveDropRate,warning,network,prod-node-2:9100,resolved,168,no
2026-08-22T20:42:41Z,HTTPClientSlowLatency,warning,api-gateway,prod-node-3:9100,resolved,25,no
2026-08-22T21:37:57Z,HighContextSwitches,info,system,prod-node-1:9100,resolved,124,no
2026-08-22T23:31:53Z,HTTPClientSlowLatency,warning,api-gateway,prod-node-2:9100,resolved,65,no
2026-08-23T00:36:30Z,HighMemoryUsage,warning,node-exporter,prod-node-3:9100,resolved,28,no
2026-08-23T00:40:56Z,HighContextSwitches,info,system,prod-node-2:9100,resolved,160,no
2026-08-23T01:57:24Z,HighContextSwitches,info,system,prod-node-1:9100,resolved,87,no
2026-08-23T02:57:56Z,HighMemoryUsage,warning,node-exporter,prod-node-2:9100,resolved,112,no
2026-08-23T05:12:58Z,DiskFillingFast,warning,node-exporter,prod-node-2:9100,resolved,129,no
2026-08-23T05:32:35Z,DiskFillingFast,warning,node-exporter,prod-node-3:9100,resolved,104,no
2026-08-23T06:26:46Z,HighContextSwitches,info,system,prod-node-3:9100,resolved,105,no
2026-08-23T06:33:48Z,HighMemoryUsage,warning,node-exporter,prod-node-1:9100,resolved,38,no
2026-08-23T06:47:03Z,HighCPUUsage,warning,node-exporter,prod-node-1:9100,resolved,133,no
2026-08-23T08:48:04Z,DiskAlmostFull,critical,storage,prod-node-2:9100,resolved,1788,yes
2026-08-23T08:54:55Z,DNSResolutionSlowSpike,warning,coredns,prod-node-2:9100,resolved,123,no
2026-08-23T10:49:44Z,HighMemoryUsage,warning,node-exporter,prod-node-3:9100,resolved,169,no
2026-08-23T11:39:15Z,HighMemoryUsage,warning,node-exporter,prod-node-3:9100,resolved,92,no
2026-08-23T13:12:22Z,HighCPUUsage,warning,node-exporter,prod-node-3:9100,resolved,168,no
2026-08-23T13:13:40Z,DiskFillingFast,warning,node-exporter,prod-node-1:9100,resolved,150,no
2026-08-23T13:15:30Z,DiskFillingFast,warning,node-exporter,prod-node-3:9100,resolved,30,no
2026-08-23T14:52:25Z,DiskFillingFast,warning,node-exporter,prod-node-2:9100,resolved,29,no
2026-08-23T14:59:05Z,DiskFillingFast,warning,node-exporter,prod-node-2:9100,resolved,29,no
2026-08-23T14:59:31Z,DiskFillingFast,warning,node-exporter,prod-node-3:9100,resolved,80,no
2026-08-23T15:43:06Z,ContainerOOMKilledTransient,warning,app-worker,prod-node-1:9100,resolved,158,no
2026-08-23T16:19:15Z,HighCPUUsage,warning,node-exporter,prod-node-2:9100,resolved,81,no
2026-08-23T18:02:59Z,DiskFillingFast,warning,node-exporter,prod-node-1:9100,resolved,65,no
2026-08-23T19:48:40Z,NetworkReceiveDropRate,warning,network,prod-node-2:9100,resolved,28,no
2026-08-23T19:51:36Z,NetworkReceiveDropRate,warning,network,prod-node-1:9100,resolved,159,no
2026-08-23T22:36:36Z,DiskFillingFast,warning,node-exporter,prod-node-1:9100,resolved,101,no
2026-08-23T22:57:59Z,NetworkReceiveDropRate,warning,network,prod-node-1:9100,resolved,70,no
2026-08-23T22:58:27Z,HighCPUUsage,warning,node-exporter,prod-node-2:9100,resolved,145,no
2026-08-23T23:50:51Z,NetworkReceiveDropRate,warning,network,prod-node-1:9100,resolved,76,no
2026-08-23T23:56:51Z,DiskFillingFast,warning,node-exporter,prod-node-1:9100,resolved,81,no
2026-08-24T00:02:23Z,HighCPUUsage,warning,node-exporter,prod-node-2:9100,resolved,106,no
2026-08-24T00:18:31Z,ContainerOOMKilledTransient,warning,app-worker,prod-node-3:9100,resolved,70,no
2026-08-24T01:38:32Z,HighMemoryUsage,warning,node-exporter,prod-node-1:9100,resolved,28,no
2026-08-24T02:45:54Z,HighCPUUsage,warning,node-exporter,prod-node-3:9100,resolved,153,no
2026-08-24T04:49:07Z,NetworkReceiveDropRate,warning,network,prod-node-1:9100,resolved,88,no
2026-08-24T05:05:42Z,HighMemoryUsage,warning,node-exporter,prod-node-3:9100,resolved,176,no
2026-08-24T07:13:09Z,NetworkReceiveDropRate,warning,network,prod-node-1:9100,resolved,124,no
2026-08-24T07:33:43Z,HTTPClientSlowLatency,warning,api-gateway,prod-node-1:9100,resolved,57,no
2026-08-24T08:12:00Z,NetworkReceiveDropRate,warning,network,prod-node-1:9100,resolved,169,no
2026-08-24T10:22:19Z,HighCPUUsage,warning,node-exporter,prod-node-2:9100,resolved,27,no
2026-08-24T12:00:03Z,ContainerOOMKilledTransient,warning,app-worker,prod-node-1:9100,resolved,172,no
2026-08-24T12:44:09Z,NetworkReceiveDropRate,warning,network,prod-node-2:9100,resolved,162,no
2026-08-24T13:14:39Z,HighCPUUsage,warning,node-exporter,prod-node-1:9100,resolved,56,no
2026-08-24T15:19:46Z,HighCPUUsage,warning,node-exporter,prod-node-1:9100,resolved,144,no
2026-08-24T15:41:57Z,DiskFillingFast,warning,node-exporter,prod-node-1:9100,resolved,110,no
2026-08-24T15:51:38Z,HighMemoryUsage,warning,node-exporter,prod-node-1:9100,resolved,78,no
2026-08-24T16:04:35Z,HighCPUUsage,warning,node-exporter,prod-node-1:9100,resolved,126,no
2026-08-24T16:04:41Z,HighCPUUsage,warning,node-exporter,prod-node-3:9100,resolved,74,no
2026-08-24T16:53:43Z,DiskFillingFast,warning,node-exporter,prod-node-1:9100,resolved,139,no
2026-08-24T17:25:16Z,HTTPClientSlowLatency,warning,api-gateway,prod-node-3:9100,resolved,134,no
2026-08-24T18:16:08Z,HighMemoryUsage,warning,node-exporter,prod-node-3:9100,resolved,39,no
2026-08-24T19:16:00Z,TemporaryLockContention,warning,database,prod-node-3:9100,resolved,90,no
2026-08-24T21:53:32Z,TemporaryLockContention,warning,database,prod-node-3:9100,resolved,62,no
2026-08-24T22:39:08Z,HighCPUUsage,warning,node-exporter,prod-node-2:9100,resolved,36,no
2026-08-24T23:38:23Z,HighCPUUsage,warning,node-exporter,prod-node-3:9100,resolved,82,no
2026-08-24T23:48:27Z,ContainerOOMKilledTransient,warning,app-worker,prod-node-2:9100,resolved,108,no
2026-08-25T02:51:37Z,ContainerOOMKilledTransient,warning,app-worker,prod-node-2:9100,resolved,60,no
2026-08-25T04:40:18Z,HighCPUUsage,warning,node-exporter,prod-node-3:9100,resolved,72,no
2026-08-25T05:25:03Z,TemporaryLockContention,warning,database,prod-node-3:9100,resolved,124,no
2026-08-25T06:28:45Z,HighCPUUsage,warning,node-exporter,prod-node-2:9100,resolved,49,no
2026-08-25T08:52:20Z,DiskFillingFast,warning,node-exporter,prod-node-2:9100,resolved,40,no
2026-08-25T09:33:06Z,DiskFillingFast,warning,node-exporter,prod-node-3:9100,resolved,30,no
2026-08-25T10:15:39Z,HighCPUUsage,warning,node-exporter,prod-node-1:9100,resolved,119,no
2026-08-25T10:20:05Z,HighCPUUsage,warning,node-exporter,prod-node-1:9100,resolved,73,no
2026-08-25T11:39:25Z,HighCPUUsage,warning,node-exporter,prod-node-3:9100,resolved,79,no
2026-08-25T11:55:15Z,TemporaryLockContention,warning,database,prod-node-2:9100,resolved,149,no
2026-08-25T12:32:22Z,HighContextSwitches,info,system,prod-node-2:9100,resolved,171,no
2026-08-25T13:03:45Z,HighCPUUsage,warning,node-exporter,prod-node-2:9100,resolved,180,no
2026-08-25T13:23:38Z,NginxWorkerThreadStall,warning,ingress,prod-node-1:9100,resolved,34,no
2026-08-25T14:37:59Z,NetworkReceiveDropRate,warning,network,prod-node-2:9100,resolved,177,no
2026-08-25T16:44:40Z,DNSResolutionSlowSpike,warning,coredns,prod-node-2:9100,resolved,125,no
2026-08-25T17:29:30Z,HighMemoryUsage,warning,node-exporter,prod-node-1:9100,resolved,164,no
2026-08-25T19:59:53Z,ContainerOOMKilledTransient,warning,app-worker,prod-node-2:9100,resolved,22,no
2026-08-25T20:03:11Z,HighMemoryUsage,warning,node-exporter,prod-node-1:9100,resolved,64,no
2026-08-25T20:09:50Z,DiskAlmostFull,critical,storage,prod-node-2:9100,resolved,1426,yes
2026-08-25T20:25:17Z,HighCPUUsage,warning,node-exporter,prod-node-2:9100,resolved,146,no
2026-08-25T20:33:46Z,HighCPUUsage,warning,node-exporter,prod-node-3:9100,resolved,155,no
2026-08-25T21:51:05Z,DiskFillingFast,warning,node-exporter,prod-node-2:9100,resolved,23,no
2026-08-25T22:37:49Z,HighMemoryUsage,warning,node-exporter,prod-node-2:9100,resolved,25,no
2026-08-25T22:52:46Z,DNSResolutionSlowSpike,warning,coredns,prod-node-1:9100,resolved,32,no
2026-08-25T23:13:08Z,ContainerOOMKilledTransient,warning,app-worker,prod-node-1:9100,resolved,22,no
2026-08-25T23:51:04Z,DiskFillingFast,warning,node-exporter,prod-node-1:9100,resolved,29,no
2026-08-25T23:54:40Z,ContainerOOMKilledTransient,warning,app-worker,prod-node-1:9100,resolved,87,no
2026-08-26T00:46:58Z,HighContextSwitches,info,system,prod-node-1:9100,resolved,128,no
2026-08-26T01:08:55Z,DiskFillingFast,warning,node-exporter,prod-node-1:9100,resolved,42,no
2026-08-26T01:26:58Z,HighMemoryUsage,warning,node-exporter,prod-node-2:9100,resolved,99,no
2026-08-26T02:21:04Z,HighContextSwitches,info,system,prod-node-3:9100,resolved,156,no
2026-08-26T02:34:07Z,DiskFillingFast,warning,node-exporter,prod-node-2:9100,resolved,165,no
2026-08-26T03:40:45Z,HighContextSwitches,info,system,prod-node-3:9100,resolved,114,no
2026-08-26T04:02:18Z,NginxWorkerThreadStall,warning,ingress,prod-node-1:9100,resolved,102,no
2026-08-26T04:06:28Z,TemporaryLockContention,warning,database,prod-node-2:9100,resolved,70,no
2026-08-26T04:19:33Z,NginxWorkerThreadStall,warning,ingress,prod-node-3:9100,resolved,108,no
2026-08-26T04:35:50Z,ContainerOOMKilledTransient,warning,app-worker,prod-node-3:9100,resolved,68,no
2026-08-26T05:16:13Z,HighCPUUsage,warning,node-exporter,prod-node-1:9100,resolved,172,no
2026-08-26T05:49:50Z,TemporaryLockContention,warning,database,prod-node-2:9100,resolved,110,no
2026-08-26T06:42:07Z,DNSResolutionSlowSpike,warning,coredns,prod-node-3:9100,resolved,130,no
2026-08-26T08:27:01Z,DiskFillingFast,warning,node-exporter,prod-node-1:9100,resolved,30,no
2026-08-26T08:59:20Z,HighCPUUsage,warning,node-exporter,prod-node-1:9100,resolved,161,no
2026-08-26T09:06:34Z,DiskFillingFast,warning,node-exporter,prod-node-1:9100,resolved,33,no
2026-08-26T09:12:53Z,DiskFillingFast,warning,node-exporter,prod-node-1:9100,resolved,79,no
2026-08-26T09:13:59Z,DiskAlmostFull,critical,storage,prod-node-3:9100,firing,2906,yes
2026-08-26T09:16:24Z,HighCPUUsage,warning,node-exporter,prod-node-2:9100,resolved,127,no
2026-08-26T11:39:19Z,NginxWorkerThreadStall,warning,ingress,prod-node-1:9100,resolved,20,no
2026-08-26T12:37:02Z,DiskFillingFast,warning,node-exporter,prod-node-2:9100,resolved,117,no
2026-08-26T12:38:11Z,DiskFillingFast,warning,node-exporter,prod-node-3:9100,resolved,154,no
2026-08-26T15:22:56Z,HighCPUUsage,warning,node-exporter,prod-node-2:9100,resolved,44,no
2026-08-26T17:09:30Z,HighCPUUsage,warning,node-exporter,prod-node-2:9100,resolved,45,no
2026-08-26T17:56:27Z,HighContextSwitches,info,system,prod-node-3:9100,resolved,127,no
2026-08-26T18:23:25Z,DiskFillingFast,warning,node-exporter,prod-node-3:9100,resolved,50,no
2026-08-26T18:39:50Z,HighContextSwitches,info,system,prod-node-2:9100,resolved,107,no
2026-08-26T21:07:21Z,TemporaryLockContention,warning,database,prod-node-3:9100,resolved,170,no
2026-08-26T22:22:52Z,NetworkReceiveDropRate,warning,network,prod-node-1:9100,resolved,37,no
2026-08-26T23:04:32Z,TemporaryLockContention,warning,database,prod-node-1:9100,resolved,148,no
2026-08-26T23:26:04Z,DiskFillingFast,warning,node-exporter,prod-node-2:9100,resolved,105,no
2026-08-27T00:17:31Z,NginxWorkerThreadStall,warning,ingress,prod-node-3:9100,resolved,75,no
2026-08-27T01:00:33Z,HighMemoryUsage,warning,node-exporter,prod-node-2:9100,resolved,137,no
2026-08-27T01:14:49Z,NetworkReceiveDropRate,warning,network,prod-node-1:9100,resolved,45,no
2026-08-27T01:15:50Z,TemporaryLockContention,warning,database,prod-node-2:9100,resolved,164,no
2026-08-27T05:08:49Z,DiskFillingFast,warning,node-exporter,prod-node-1:9100,resolved,174,no
2026-08-27T05:12:55Z,HTTPClientSlowLatency,warning,api-gateway,prod-node-2:9100,resolved,120,no
2026-08-27T07:12:13Z,HTTPClientSlowLatency,warning,api-gateway,prod-node-1:9100,resolved,112,no
2026-08-27T07:39:37Z,DNSResolutionSlowSpike,warning,coredns,prod-node-3:9100,resolved,165,no
2026-08-27T08:32:37Z,HighCPUUsage,warning,node-exporter,prod-node-3:9100,resolved,72,no
2026-08-27T08:39:31Z,DiskFillingFast,warning,node-exporter,prod-node-3:9100,resolved,86,no
2026-08-27T09:45:54Z,HTTPClientSlowLatency,warning,api-gateway,prod-node-2:9100,resolved,172,no
2026-08-27T09:53:23Z,HighCPUUsage,warning,node-exporter,prod-node-1:9100,resolved,156,no
2026-08-27T09:54:49Z,HTTPClientSlowLatency,warning,api-gateway,prod-node-3:9100,resolved,49,no
2026-08-27T10:23:02Z,ContainerOOMKilledTransient,warning,app-worker,prod-node-3:9100,resolved,46,no
2026-08-27T10:46:26Z,NetworkReceiveDropRate,warning,network,prod-node-2:9100,resolved,86,no
2026-08-27T10:53:05Z,HighMemoryUsage,warning,node-exporter,prod-node-1:9100,resolved,39,no
2026-08-27T12:36:29Z,HighContextSwitches,info,system,prod-node-3:9100,resolved,125,no
2026-08-27T13:05:09Z,HighCPUUsage,warning,node-exporter,prod-node-1:9100,resolved,98,no
2026-08-27T13:18:20Z,HighCPUUsage,warning,node-exporter,prod-node-2:9100,resolved,112,no
2026-08-27T13:47:22Z,HighMemoryUsage,warning,node-exporter,prod-node-2:9100,resolved,81,no
2026-08-27T17:00:57Z,HighMemoryUsage,warning,node-exporter,prod-node-1:9100,resolved,158,no
2026-08-27T17:13:42Z,TemporaryLockContention,warning,database,prod-node-2:9100,resolved,30,no
2026-08-27T18:01:37Z,HighCPUUsage,warning,node-exporter,prod-node-2:9100,resolved,150,no
2026-08-27T18:27:06Z,ContainerOOMKilledTransient,warning,app-worker,prod-node-3:9100,resolved,96,no
2026-08-27T19:29:58Z,HighCPUUsage,warning,node-exporter,prod-node-2:9100,resolved,139,no
2026-08-27T19:34:27Z,DiskFillingFast,warning,node-exporter,prod-node-3:9100,resolved,21,no
2026-08-27T19:50:57Z,NetworkReceiveDropRate,warning,network,prod-node-3:9100,resolved,59,no
2026-08-27T20:29:24Z,InstanceDown,critical,infrastructure,prod-node-2:9100,resolved,5752,yes
2026-08-27T20:37:41Z,DiskFillingFast,warning,node-exporter,prod-node-1:9100,resolved,42,no
2026-08-27T21:29:28Z,HighMemoryUsage,warning,node-exporter,prod-node-2:9100,resolved,22,no
2026-08-27T22:17:34Z,TemporaryLockContention,warning,database,prod-node-1:9100,resolved,137,no
2026-08-27T22:29:33Z,HighMemoryUsage,warning,node-exporter,prod-node-3:9100,resolved,92,no
2026-08-27T22:44:01Z,DiskFillingFast,warning,node-exporter,prod-node-3:9100,resolved,106,no
2026-08-27T23:53:39Z,TemporaryLockContention,warning,database,prod-node-3:9100,resolved,155,no
2026-08-28T00:53:43Z,NginxWorkerThreadStall,warning,ingress,prod-node-1:9100,resolved,102,no
2026-08-28T05:43:24Z,NetworkReceiveDropRate,warning,network,prod-node-2:9100,resolved,59,no
2026-08-28T06:16:47Z,HighCPUUsage,warning,node-exporter,prod-node-2:9100,resolved,102,no
2026-08-28T08:34:34Z,TemporaryLockContention,warning,database,prod-node-2:9100,resolved,28,no
2026-08-28T08:35:47Z,DNSResolutionSlowSpike,warning,coredns,prod-node-2:9100,resolved,29,no
2026-08-28T08:45:56Z,DiskFillingFast,warning,node-exporter,prod-node-3:9100,resolved,38,no
2026-08-28T11:22:33Z,HighCPUUsage,warning,node-exporter,prod-node-1:9100,resolved,114,no
2026-08-28T11:24:35Z,HTTPClientSlowLatency,warning,api-gateway,prod-node-2:9100,resolved,30,no
2026-08-28T11:26:58Z,HighMemoryUsage,warning,node-exporter,prod-node-1:9100,resolved,160,no
2026-08-28T11:52:57Z,HTTPClientSlowLatency,warning,api-gateway,prod-node-1:9100,resolved,26,no
2026-08-28T12:08:13Z,DiskFillingFast,warning,node-exporter,prod-node-3:9100,resolved,127,no
2026-08-28T12:39:29Z,HTTPClientSlowLatency,warning,api-gateway,prod-node-1:9100,resolved,178,no
2026-08-28T13:13:46Z,DiskFillingFast,warning,node-exporter,prod-node-1:9100,resolved,90,no
2026-08-28T14:14:14Z,NetworkReceiveDropRate,warning,network,prod-node-2:9100,resolved,99,no
2026-08-28T19:14:21Z,DiskFillingFast,warning,node-exporter,prod-node-2:9100,resolved,123,no
2026-08-28T19:39:48Z,DiskFillingFast,warning,node-exporter,prod-node-3:9100,resolved,136,no
2026-08-28T19:41:43Z,HighContextSwitches,info,system,prod-node-3:9100,resolved,97,no
2026-08-28T19:47:07Z,HighCPUUsage,warning,node-exporter,prod-node-1:9100,resolved,180,no
2026-08-28T20:06:18Z,DNSResolutionSlowSpike,warning,coredns,prod-node-1:9100,resolved,73,no
2026-08-28T20:18:47Z,DiskFillingFast,warning,node-exporter,prod-node-1:9100,resolved,27,no
2026-08-28T20:21:42Z,HighContextSwitches,info,system,prod-node-3:9100,resolved,148,no
2026-08-28T20:25:57Z,DiskFillingFast,warning,node-exporter,prod-node-2:9100,resolved,68,no
2026-08-28T20:33:24Z,HighMemoryUsage,warning,node-exporter,prod-node-2:9100,resolved,158,no
2026-08-28T20:56:25Z,HighCPUUsage,warning,node-exporter,prod-node-2:9100,resolved,163,no
2026-08-28T20:58:56Z,NetworkReceiveDropRate,warning,network,prod-node-1:9100,resolved,82,no
2026-08-28T21:07:13Z,HTTPClientSlowLatency,warning,api-gateway,prod-node-3:9100,resolved,28,no
2026-08-28T22:14:20Z,HighMemoryUsage,warning,node-exporter,prod-node-3:9100,resolved,148,no
2026-08-29T00:48:03Z,DNSResolutionSlowSpike,warning,coredns,prod-node-2:9100,resolved,137,no
2026-08-29T01:39:05Z,NetworkReceiveDropRate,warning,network,prod-node-2:9100,resolved,137,no
2026-08-29T01:57:44Z,HighContextSwitches,info,system,prod-node-1:9100,resolved,67,no
2026-08-29T06:33:33Z,HighMemoryUsage,warning,node-exporter,prod-node-1:9100,resolved,76,no
2026-08-29T07:04:20Z,NetworkReceiveDropRate,warning,network,prod-node-3:9100,resolved,89,no
2026-08-29T09:06:39Z,DiskFillingFast,warning,node-exporter,prod-node-3:9100,resolved,116,no
2026-08-29T09:29:30Z,NginxWorkerThreadStall,warning,ingress,prod-node-2:9100,resolved,87,no
2026-08-29T09:45:00Z,HighCPUUsage,warning,node-exporter,prod-node-3:9100,resolved,88,no
2026-08-29T09:59:25Z,HighMemoryUsage,warning,node-exporter,prod-node-1:9100,resolved,110,no
2026-08-29T10:11:41Z,DiskFillingFast,warning,node-exporter,prod-node-1:9100,resolved,166,no
2026-08-29T10:19:35Z,HighCPUUsage,warning,node-exporter,prod-node-2:9100,resolved,131,no
2026-08-29T10:58:08Z,DNSResolutionSlowSpike,warning,coredns,prod-node-1:9100,resolved,60,no
2026-08-29T13:03:24Z,HighCPUUsage,warning,node-exporter,prod-node-2:9100,resolved,20,no
2026-08-29T14:36:53Z,HTTPClientSlowLatency,warning,api-gateway,prod-node-2:9100,resolved,126,no
2026-08-29T16:02:29Z,DNSResolutionSlowSpike,warning,coredns,prod-node-2:9100,resolved,44,no
2026-08-29T16:08:04Z,DiskFillingFast,warning,node-exporter,prod-node-3:9100,resolved,120,no
2026-08-29T18:00:22Z,DNSResolutionSlowSpike,warning,coredns,prod-node-3:9100,resolved,76,no
2026-08-29T18:50:28Z,NginxWorkerThreadStall,warning,ingress,prod-node-2:9100,resolved,74,no
2026-08-29T19:11:38Z,TemporaryLockContention,warning,database,prod-node-1:9100,resolved,95,no
2026-08-29T20:13:10Z,HTTPClientSlowLatency,warning,api-gateway,prod-node-2:9100,resolved,142,no
2026-08-29T20:28:25Z,HTTPClientSlowLatency,warning,api-gateway,prod-node-3:9100,resolved,120,no
2026-08-29T21:04:27Z,HighCPUUsage,warning,node-exporter,prod-node-3:9100,resolved,106,no
2026-08-29T21:31:11Z,DiskFillingFast,warning,node-exporter,prod-node-2:9100,resolved,94,no
2026-08-29T21:35:25Z,HighContextSwitches,info,system,prod-node-1:9100,resolved,52,no
2026-08-29T22:35:36Z,DatabaseReplicationLag,critical,database,prod-node-3:9100,resolved,5246,yes
2026-08-30T01:14:50Z,DNSResolutionSlowSpike,warning,coredns,prod-node-3:9100,resolved,128,no
2026-08-30T01:28:54Z,NetworkReceiveDropRate,warning,network,prod-node-2:9100,resolved,166,no
2026-08-30T03:06:25Z,HighMemoryUsage,warning,node-exporter,prod-node-3:9100,resolved,175,no
2026-08-30T04:42:11Z,DiskFillingFast,warning,node-exporter,prod-node-1:9100,resolved,43,no
2026-08-30T08:02:56Z,DiskFillingFast,warning,node-exporter,prod-node-1:9100,resolved,31,no
2026-08-30T10:12:19Z,TemporaryLockContention,warning,database,prod-node-2:9100,resolved,30,no
2026-08-30T11:16:05Z,NetworkReceiveDropRate,warning,network,prod-node-1:9100,resolved,175,no
2026-08-30T11:30:11Z,HighCPUUsage,warning,node-exporter,prod-node-3:9100,resolved,103,no
2026-08-30T12:18:13Z,DiskFillingFast,warning,node-exporter,prod-node-3:9100,resolved,110,no
2026-08-30T12:32:19Z,HTTPClientSlowLatency,warning,api-gateway,prod-node-2:9100,resolved,26,no
2026-08-30T12:36:37Z,DNSResolutionSlowSpike,warning,coredns,prod-node-3:9100,resolved,107,no
2026-08-30T13:00:58Z,DiskFillingFast,warning,node-exporter,prod-node-3:9100,resolved,156,no
2026-08-30T14:39:42Z,HTTPClientSlowLatency,warning,api-gateway,prod-node-1:9100,resolved,43,no
2026-08-30T17:05:56Z,ContainerOOMKilledTransient,warning,app-worker,prod-node-1:9100,resolved,73,no
2026-08-30T17:17:14Z,DNSResolutionSlowSpike,warning,coredns,prod-node-1:9100,resolved,72,no
2026-08-30T19:37:09Z,NetworkReceiveDropRate,warning,network,prod-node-1:9100,resolved,102,no
2026-08-30T19:47:23Z,ContainerOOMKilledTransient,warning,app-worker,prod-node-1:9100,resolved,138,no
2026-08-30T20:03:41Z,HighCPUUsage,warning,node-exporter,prod-node-2:9100,resolved,67,no
2026-08-30T22:50:27Z,ContainerOOMKilledTransient,warning,app-worker,prod-node-1:9100,resolved,65,no
2026-08-30T23:12:39Z,NetworkReceiveDropRate,warning,network,prod-node-3:9100,resolved,159,no
2026-08-30T23:24:00Z,DNSResolutionSlowSpike,warning,coredns,prod-node-2:9100,resolved,154,no
2026-08-31T02:04:55Z,HighCPUUsage,warning,node-exporter,prod-node-1:9100,resolved,94,no
2026-08-31T02:22:06Z,TemporaryLockContention,warning,database,prod-node-1:9100,resolved,110,no
2026-08-31T02:39:50Z,DiskFillingFast,warning,node-exporter,prod-node-1:9100,resolved,113,no
2026-08-31T02:51:36Z,NetworkReceiveDropRate,warning,network,prod-node-1:9100,resolved,165,no
2026-08-31T03:09:00Z,NetworkReceiveDropRate,warning,network,prod-node-1:9100,resolved,150,no
2026-08-31T05:10:37Z,ContainerOOMKilledTransient,warning,app-worker,prod-node-3:9100,resolved,137,no
2026-08-31T05:21:03Z,HighContextSwitches,info,system,prod-node-1:9100,resolved,135,no
2026-08-31T06:12:36Z,NginxWorkerThreadStall,warning,ingress,prod-node-2:9100,resolved,81,no
2026-08-31T07:24:43Z,DNSResolutionSlowSpike,warning,coredns,prod-node-2:9100,resolved,163,no
2026-08-31T09:30:42Z,DiskFillingFast,warning,node-exporter,prod-node-1:9100,resolved,132,no
2026-08-31T09:53:30Z,HighCPUUsage,warning,node-exporter,prod-node-2:9100,resolved,68,no
2026-08-31T11:08:22Z,NginxWorkerThreadStall,warning,ingress,prod-node-1:9100,resolved,85,no
2026-08-31T11:38:41Z,DatabaseReplicationLag,critical,database,prod-node-3:9100,resolved,1382,yes
2026-08-31T12:26:28Z,DNSResolutionSlowSpike,warning,coredns,prod-node-3:9100,resolved,146,no
2026-08-31T13:12:06Z,ContainerOOMKilledTransient,warning,app-worker,prod-node-3:9100,resolved,23,no
2026-08-31T13:54:33Z,ContainerOOMKilledTransient,warning,app-worker,prod-node-3:9100,resolved,90,no
2026-08-31T16:07:33Z,NetworkReceiveDropRate,warning,network,prod-node-2:9100,resolved,26,no
2026-08-31T16:36:51Z,HighCPUUsage,warning,node-exporter,prod-node-1:9100,resolved,128,no
2026-08-31T17:49:26Z,DNSResolutionSlowSpike,warning,coredns,prod-node-2:9100,resolved,152,no
2026-08-31T18:30:20Z,DiskFillingFast,warning,node-exporter,prod-node-2:9100,resolved,61,no
2026-08-31T20:30:39Z,NetworkReceiveDropRate,warning,network,prod-node-3:9100,resolved,22,no
2026-08-31T21:16:04Z,NetworkReceiveDropRate,warning,network,prod-node-1:9100,resolved,41,no
2026-08-31T22:50:20Z,HighCPUUsage,warning,node-exporter,prod-node-1:9100,resolved,26,no
2026-08-31T23:02:11Z,HighContextSwitches,info,system,prod-node-3:9100,resolved,105,no
2026-08-31T23:32:15Z,ContainerOOMKilledTransient,warning,app-worker,prod-node-3:9100,resolved,160,no
2026-08-31T23:50:08Z,HighCPUUsage,warning,node-exporter,prod-node-1:9100,resolved,167,no
2026-09-01T01:03:45Z,HighCPUUsage,warning,node-exporter,prod-node-3:9100,resolved,153,no
2026-09-01T02:47:27Z,HighMemoryUsage,warning,node-exporter,prod-node-2:9100,resolved,32,no
2026-09-01T03:03:28Z,TemporaryLockContention,warning,database,prod-node-1:9100,resolved,106,no
2026-09-01T03:11:47Z,ContainerOOMKilledTransient,warning,app-worker,prod-node-3:9100,resolved,42,no
2026-09-01T05:30:14Z,HighContextSwitches,info,system,prod-node-2:9100,resolved,79,no
2026-09-01T06:06:26Z,DiskFillingFast,warning,node-exporter,prod-node-2:9100,resolved,157,no
2026-09-01T06:13:48Z,HighCPUUsage,warning,node-exporter,prod-node-1:9100,resolved,106,no
2026-09-01T06:56:23Z,HighMemoryUsage,warning,node-exporter,prod-node-2:9100,resolved,63,no
2026-09-01T06:57:49Z,HighCPUUsage,warning,node-exporter,prod-node-1:9100,resolved,111,no
2026-09-01T07:23:19Z,DNSResolutionSlowSpike,warning,coredns,prod-node-3:9100,resolved,145,no
2026-09-01T07:23:30Z,NetworkReceiveDropRate,warning,network,prod-node-3:9100,resolved,97,no
2026-09-01T08:32:50Z,DiskFillingFast,warning,node-exporter,prod-node-2:9100,resolved,57,no
2026-09-01T09:10:24Z,DiskFillingFast,warning,node-exporter,prod-node-2:9100,resolved,138,no
2026-09-01T11:59:26Z,ContainerOOMKilledTransient,warning,app-worker,prod-node-3:9100,resolved,154,no
2026-09-01T12:20:06Z,HighCPUUsage,warning,node-exporter,prod-node-3:9100,resolved,111,no
2026-09-01T12:21:43Z,TemporaryLockContention,warning,database,prod-node-1:9100,resolved,99,no
2026-09-01T12:37:48Z,HighCPUUsage,warning,node-exporter,prod-node-2:9100,resolved,81,no
2026-09-01T12:42:01Z,DiskFillingFast,warning,node-exporter,prod-node-1:9100,resolved,96,no
2026-09-01T14:45:40Z,HighContextSwitches,info,system,prod-node-2:9100,resolved,144,no
2026-09-01T15:27:19Z,HTTPClientSlowLatency,warning,api-gateway,prod-node-2:9100,resolved,170,no
2026-09-01T16:08:47Z,TemporaryLockContention,warning,database,prod-node-2:9100,resolved,52,no
2026-09-01T17:28:51Z,DiskFillingFast,warning,node-exporter,prod-node-3:9100,resolved,89,no
2026-09-01T17:34:13Z,HighMemoryUsage,warning,node-exporter,prod-node-1:9100,resolved,103,no
2026-09-01T18:23:45Z,DiskFillingFast,warning,node-exporter,prod-node-1:9100,resolved,83,no
2026-09-01T18:56:29Z,DNSResolutionSlowSpike,warning,coredns,prod-node-2:9100,resolved,23,no
2026-09-01T19:00:03Z,HighMemoryUsage,warning,node-exporter,prod-node-2:9100,resolved,69,no
2026-09-01T19:20:52Z,DiskFillingFast,warning,node-exporter,prod-node-1:9100,resolved,127,no
2026-09-01T19:33:11Z,NginxWorkerThreadStall,warning,ingress,prod-node-2:9100,resolved,91,no
2026-09-01T19:47:49Z,NginxWorkerThreadStall,warning,ingress,prod-node-2:9100,resolved,24,no
2026-09-01T19:50:46Z,TemporaryLockContention,warning,database,prod-node-3:9100,resolved,59,no
2026-09-01T22:07:46Z,NginxWorkerThreadStall,warning,ingress,prod-node-1:9100,resolved,46,no
2026-09-01T22:07:56Z,DNSResolutionSlowSpike,warning,coredns,prod-node-3:9100,resolved,62,no
2026-09-01T23:39:20Z,DiskFillingFast,warning,node-exporter,prod-node-1:9100,resolved,108,no
2026-09-02T00:38:25Z,HighMemoryUsage,warning,node-exporter,prod-node-3:9100,resolved,69,no
2026-09-02T01:06:25Z,DiskFillingFast,warning,node-exporter,prod-node-2:9100,resolved,104,no
2026-09-02T01:28:44Z,DiskFillingFast,warning,node-exporter,prod-node-2:9100,resolved,23,no
2026-09-02T02:16:41Z,ContainerOOMKilledTransient,warning,app-worker,prod-node-2:9100,resolved,69,no
2026-09-02T02:38:07Z,ContainerOOMKilledTransient,warning,app-worker,prod-node-3:9100,resolved,144,no
2026-09-02T02:49:30Z,NetworkReceiveDropRate,warning,network,prod-node-1:9100,resolved,112,no
2026-09-02T04:21:25Z,NetworkReceiveDropRate,warning,network,prod-node-3:9100,resolved,127,no
2026-09-02T06:08:44Z,HighCPUUsage,warning,node-exporter,prod-node-3:9100,resolved,100,no
2026-09-02T08:25:52Z,TemporaryLockContention,warning,database,prod-node-3:9100,resolved,29,no
2026-09-02T09:34:39Z,HTTPClientSlowLatency,warning,api-gateway,prod-node-3:9100,resolved,164,no
2026-09-02T09:36:24Z,TemporaryLockContention,warning,database,prod-node-2:9100,resolved,77,no
2026-09-02T12:04:03Z,ContainerOOMKilledTransient,warning,app-worker,prod-node-3:9100,resolved,123,no
2026-09-02T12:29:56Z,ContainerOOMKilledTransient,warning,app-worker,prod-node-1:9100,resolved,152,no
2026-09-02T13:43:20Z,HighCPUUsage,warning,node-exporter,prod-node-1:9100,resolved,180,no
2026-09-02T13:50:55Z,HighContextSwitches,info,system,prod-node-3:9100,resolved,60,no
2026-09-02T16:04:06Z,HighMemoryUsage,warning,node-exporter,prod-node-3:9100,resolved,23,no
2026-09-02T16:25:33Z,NetworkReceiveDropRate,warning,network,prod-node-1:9100,resolved,81,no
2026-09-02T16:37:32Z,DiskFillingFast,warning,node-exporter,prod-node-2:9100,resolved,108,no
2026-09-02T16:43:01Z,DNSResolutionSlowSpike,warning,coredns,prod-node-3:9100,resolved,100,no
2026-09-02T17:19:02Z,DiskFillingFast,warning,node-exporter,prod-node-1:9100,resolved,51,no
2026-09-02T18:29:08Z,HighCPUUsage,warning,node-exporter,prod-node-2:9100,resolved,126,no
2026-09-02T20:07:21Z,NginxWorkerThreadStall,warning,ingress,prod-node-1:9100,resolved,21,no
2026-09-02T22:17:38Z,NginxWorkerThreadStall,warning,ingress,prod-node-1:9100,resolved,133,no
2026-09-02T23:39:51Z,NginxWorkerThreadStall,warning,ingress,prod-node-1:9100,resolved,121,no
2026-09-02T23:47:59Z,DiskFillingFast,warning,node-exporter,prod-node-2:9100,resolved,92,no
2026-09-03T01:08:49Z,HTTPClientSlowLatency,warning,api-gateway,prod-node-2:9100,resolved,75,no
2026-09-03T02:15:11Z,TemporaryLockContention,warning,database,prod-node-1:9100,resolved,106,no
2026-09-03T04:14:13Z,HTTPClientSlowLatency,warning,api-gateway,prod-node-1:9100,resolved,177,no
2026-09-03T05:10:32Z,HTTPClientSlowLatency,warning,api-gateway,prod-node-3:9100,resolved,94,no
2026-09-03T05:28:29Z,NetworkReceiveDropRate,warning,network,prod-node-2:9100,resolved,99,no
2026-09-03T06:27:54Z,HighCPUUsage,warning,node-exporter,prod-node-2:9100,resolved,174,no
2026-09-03T06:35:58Z,HighCPUUsage,warning,node-exporter,prod-node-1:9100,resolved,107,no
2026-09-03T06:46:27Z,HighCPUUsage,warning,node-exporter,prod-node-2:9100,resolved,104,no
2026-09-03T08:11:38Z,HighCPUUsage,warning,node-exporter,prod-node-2:9100,resolved,154,no
2026-09-03T09:36:08Z,HTTPClientSlowLatency,warning,api-gateway,prod-node-1:9100,resolved,54,no
2026-09-03T10:58:52Z,NetworkReceiveDropRate,warning,network,prod-node-1:9100,resolved,45,no
2026-09-03T11:42:25Z,NginxWorkerThreadStall,warning,ingress,prod-node-3:9100,resolved,55,no
2026-09-03T11:47:59Z,HighCPUUsage,warning,node-exporter,prod-node-2:9100,resolved,36,no
2026-09-03T12:35:57Z,DNSResolutionSlowSpike,warning,coredns,prod-node-2:9100,resolved,176,no
2026-09-03T12:41:37Z,NginxWorkerThreadStall,warning,ingress,prod-node-3:9100,resolved,129,no
2026-09-03T12:57:51Z,HighMemoryUsage,warning,node-exporter,prod-node-2:9100,resolved,153,no
2026-09-03T13:18:07Z,HTTPClientSlowLatency,warning,api-gateway,prod-node-3:9100,resolved,60,no
2026-09-03T13:38:30Z,DiskFillingFast,warning,node-exporter,prod-node-1:9100,resolved,170,no
2026-09-03T13:49:31Z,HighCPUUsage,warning,node-exporter,prod-node-3:9100,resolved,33,no
2026-09-03T14:14:36Z,NetworkReceiveDropRate,warning,network,prod-node-3:9100,resolved,62,no
2026-09-03T15:04:43Z,HighContextSwitches,info,system,prod-node-1:9100,resolved,68,no
2026-09-03T15:17:10Z,HighMemoryUsage,warning,node-exporter,prod-node-3:9100,resolved,21,no
2026-09-03T17:25:01Z,HTTPClientSlowLatency,warning,api-gateway,prod-node-3:9100,resolved,41,no
2026-09-03T17:49:26Z,HTTPClientSlowLatency,warning,api-gateway,prod-node-3:9100,resolved,142,no
2026-09-03T18:12:51Z,DiskFillingFast,warning,node-exporter,prod-node-1:9100,resolved,152,no
2026-09-03T18:58:56Z,NetworkReceiveDropRate,warning,network,prod-node-2:9100,resolved,157,no
2026-09-03T19:46:39Z,HighMemoryUsage,warning,node-exporter,prod-node-1:9100,resolved,180,no
2026-09-03T19:52:00Z,HighCPUUsage,warning,node-exporter,prod-node-3:9100,resolved,90,no
2026-09-03T20:13:21Z,DiskFillingFast,warning,node-exporter,prod-node-3:9100,resolved,82,no
2026-09-03T20:38:08Z,DiskFillingFast,warning,node-exporter,prod-node-2:9100,resolved,117,no
2026-09-03T20:58:49Z,HighContextSwitches,info,system,prod-node-3:9100,resolved,177,no
2026-09-03T22:53:46Z,HighCPUUsage,warning,node-exporter,prod-node-3:9100,resolved,126,no
2026-09-03T22:54:09Z,TemporaryLockContention,warning,database,prod-node-2:9100,resolved,74,no
2026-09-04T02:30:13Z,HTTPClientSlowLatency,warning,api-gateway,prod-node-3:9100,resolved,118,no
2026-09-04T02:33:38Z,DNSResolutionSlowSpike,warning,coredns,prod-node-1:9100,resolved,33,no
2026-09-04T03:50:11Z,NetworkReceiveDropRate,warning,network,prod-node-1:9100,resolved,171,no
2026-09-04T03:52:04Z,DatabaseReplicationLag,critical,database,prod-node-3:9100,resolved,1405,yes
2026-09-04T03:59:10Z,HighMemoryUsage,warning,node-exporter,prod-node-3:9100,resolved,68,no
2026-09-04T04:59:56Z,HTTPClientSlowLatency,warning,api-gateway,prod-node-3:9100,resolved,37,no
2026-09-04T05:50:34Z,NetworkReceiveDropRate,warning,network,prod-node-1:9100,resolved,82,no
2026-09-04T06:08:05Z,ContainerOOMKilledTransient,warning,app-worker,prod-node-3:9100,resolved,122,no
2026-09-04T06:56:04Z,HighCPUUsage,warning,node-exporter,prod-node-2:9100,resolved,36,no
2026-09-04T07:25:54Z,HighCPUUsage,warning,node-exporter,prod-node-1:9100,resolved,24,no
2026-09-04T08:23:54Z,HTTPClientSlowLatency,warning,api-gateway,prod-node-1:9100,resolved,163,no
2026-09-04T09:16:55Z,DiskFillingFast,warning,node-exporter,prod-node-2:9100,resolved,116,no
2026-09-04T12:08:43Z,ContainerOOMKilledTransient,warning,app-worker,prod-node-2:9100,resolved,56,no
2026-09-04T13:55:29Z,HighContextSwitches,info,system,prod-node-3:9100,resolved,148,no
2026-09-04T14:30:56Z,HighCPUUsage,warning,node-exporter,prod-node-2:9100,resolved,70,no
2026-09-04T15:34:31Z,HighCPUUsage,warning,node-exporter,prod-node-1:9100,resolved,110,no
2026-09-04T15:42:51Z,DiskFillingFast,warning,node-exporter,prod-node-2:9100,resolved,88,no
2026-09-04T15:57:03Z,HighCPUUsage,warning,node-exporter,prod-node-1:9100,resolved,58,no
2026-09-04T17:00:43Z,HighCPUUsage,warning,node-exporter,prod-node-1:9100,resolved,115,no
2026-09-04T17:42:09Z,HighCPUUsage,warning,node-exporter,prod-node-3:9100,resolved,126,no
2026-09-04T17:50:01Z,NginxWorkerThreadStall,warning,ingress,prod-node-2:9100,resolved,50,no
2026-09-04T19:33:32Z,NetworkReceiveDropRate,warning,network,prod-node-1:9100,resolved,133,no
2026-09-04T20:14:40Z,HighContextSwitches,info,system,prod-node-2:9100,resolved,169,no
2026-09-04T20:44:02Z,HighContextSwitches,info,system,prod-node-1:9100,resolved,92,no
2026-09-04T21:30:46Z,DiskFillingFast,warning,node-exporter,prod-node-3:9100,resolved,104,no
2026-09-04T22:24:54Z,HighCPUUsage,warning,node-exporter,prod-node-2:9100,resolved,165,no
2026-09-04T22:35:31Z,HighMemoryUsage,warning,node-exporter,prod-node-2:9100,resolved,118,no
2026-09-05T00:56:49Z,HighCPUUsage,warning,node-exporter,prod-node-2:9100,resolved,117,no
2026-09-05T02:02:56Z,NginxWorkerThreadStall,warning,ingress,prod-node-3:9100,resolved,118,no
2026-09-05T02:03:02Z,HighContextSwitches,info,system,prod-node-2:9100,resolved,46,no
2026-09-05T03:30:11Z,HighMemoryUsage,warning,node-exporter,prod-node-3:9100,resolved,119,no
2026-09-05T03:58:48Z,HighCPUUsage,warning,node-exporter,prod-node-3:9100,resolved,94,no
2026-09-05T05:07:32Z,HighCPUUsage,warning,node-exporter,prod-node-3:9100,resolved,48,no
2026-09-05T05:16:39Z,HTTPClientSlowLatency,warning,api-gateway,prod-node-3:9100,resolved,33,no
2026-09-05T06:36:47Z,HighMemoryUsage,warning,node-exporter,prod-node-3:9100,resolved,102,no
2026-09-05T07:14:06Z,HighMemoryUsage,warning,node-exporter,prod-node-1:9100,resolved,24,no
2026-09-05T08:04:12Z,HighMemoryUsage,warning,node-exporter,prod-node-3:9100,resolved,48,no
2026-09-05T08:12:27Z,HighCPUUsage,warning,node-exporter,prod-node-2:9100,resolved,39,no
2026-09-05T08:22:33Z,HTTPClientSlowLatency,warning,api-gateway,prod-node-1:9100,resolved,45,no
2026-09-05T08:26:39Z,NginxWorkerThreadStall,warning,ingress,prod-node-1:9100,resolved,39,no
2026-09-05T08:55:59Z,DiskFillingFast,warning,node-exporter,prod-node-1:9100,resolved,121,no
2026-09-05T10:52:09Z,ContainerOOMKilledTransient,warning,app-worker,prod-node-2:9100,resolved,95,no
2026-09-05T11:19:47Z,TemporaryLockContention,warning,database,prod-node-3:9100,resolved,31,no
2026-09-05T11:59:38Z,HTTPClientSlowLatency,warning,api-gateway,prod-node-2:9100,resolved,147,no
2026-09-05T12:20:33Z,HighCPUUsage,warning,node-exporter,prod-node-2:9100,resolved,119,no
2026-09-05T12:50:46Z,HighCPUUsage,warning,node-exporter,prod-node-1:9100,resolved,81,no
2026-09-05T14:26:06Z,TemporaryLockContention,warning,database,prod-node-1:9100,resolved,135,no
2026-09-05T15:08:36Z,HighCPUUsage,warning,node-exporter,prod-node-1:9100,resolved,167,no
2026-09-05T16:59:47Z,HighCPUUsage,warning,node-exporter,prod-node-3:9100,resolved,163,no
2026-09-05T17:47:12Z,DiskFillingFast,warning,node-exporter,prod-node-3:9100,resolved,143,no
2026-09-05T18:45:56Z,HighCPUUsage,warning,node-exporter,prod-node-3:9100,resolved,24,no
2026-09-05T19:25:17Z,HighCPUUsage,warning,node-exporter,prod-node-2:9100,resolved,91,no
2026-09-05T20:06:49Z,ContainerOOMKilledTransient,warning,app-worker,prod-node-2:9100,resolved,58,no
2026-09-05T20:27:27Z,DiskFillingFast,warning,node-exporter,prod-node-3:9100,resolved,97,no
2026-09-05T21:53:45Z,HighCPUUsage,warning,node-exporter,prod-node-1:9100,resolved,116,no
2026-09-05T22:37:35Z,HighCPUUsage,warning,node-exporter,prod-node-2:9100,resolved,128,no
2026-09-05T23:13:51Z,DNSResolutionSlowSpike,warning,coredns,prod-node-2:9100,resolved,175,no
2026-09-06T00:13:35Z,DiskFillingFast,warning,node-exporter,prod-node-3:9100,resolved,141,no
2026-09-06T00:36:43Z,DiskFillingFast,warning,node-exporter,prod-node-2:9100,resolved,169,no
2026-09-06T01:15:22Z,TemporaryLockContention,warning,database,prod-node-3:9100,resolved,45,no
2026-09-06T02:20:05Z,HighMemoryUsage,warning,node-exporter,prod-node-2:9100,resolved,97,no
2026-09-06T02:54:24Z,DiskFillingFast,warning,node-exporter,prod-node-3:9100,resolved,35,no
2026-09-06T03:17:36Z,HighCPUUsage,warning,node-exporter,prod-node-1:9100,resolved,59,no
2026-09-06T03:48:48Z,NetworkReceiveDropRate,warning,network,prod-node-1:9100,resolved,81,no
2026-09-06T06:08:47Z,DiskAlmostFull,critical,storage,prod-node-3:9100,firing,1238,yes
2026-09-06T06:11:14Z,NetworkReceiveDropRate,warning,network,prod-node-3:9100,resolved,119,no
2026-09-06T06:22:31Z,DiskFillingFast,warning,node-exporter,prod-node-3:9100,resolved,143,no
2026-09-06T08:38:38Z,TemporaryLockContention,warning,database,prod-node-1:9100,resolved,49,no
2026-09-06T09:49:38Z,DNSResolutionSlowSpike,warning,coredns,prod-node-3:9100,resolved,23,no
2026-09-06T09:53:06Z,HighContextSwitches,info,system,prod-node-3:9100,resolved,153,no
2026-09-06T10:07:03Z,DNSResolutionSlowSpike,warning,coredns,prod-node-1:9100,resolved,123,no
2026-09-06T10:39:28Z,HighContextSwitches,info,system,prod-node-3:9100,resolved,135,no
2026-09-06T11:26:30Z,HighContextSwitches,info,system,prod-node-2:9100,resolved,117,no
2026-09-06T11:56:31Z,DiskFillingFast,warning,node-exporter,prod-node-2:9100,resolved,152,no
2026-09-06T14:14:11Z,NetworkReceiveDropRate,warning,network,prod-node-2:9100,resolved,90,no
2026-09-06T15:25:43Z,HighContextSwitches,info,system,prod-node-2:9100,resolved,125,no
2026-09-06T15:30:39Z,HighCPUUsage,warning,node-exporter,prod-node-2:9100,resolved,166,no
2026-09-06T17:57:29Z,DNSResolutionSlowSpike,warning,coredns,prod-node-1:9100,resolved,173,no
2026-09-06T20:11:28Z,HighCPUUsage,warning,node-exporter,prod-node-2:9100,resolved,141,no
2026-09-06T20:26:51Z,ContainerOOMKilledTransient,warning,app-worker,prod-node-2:9100,resolved,37,no
2026-09-06T20:32:37Z,ContainerOOMKilledTransient,warning,app-worker,prod-node-2:9100,resolved,55,no
2026-09-06T21:16:31Z,NetworkReceiveDropRate,warning,network,prod-node-2:9100,resolved,21,no
2026-09-06T22:19:26Z,InstanceDown,critical,infrastructure,prod-node-3:9100,resolved,4230,yes
2026-09-06T22:22:39Z,HighCPUUsage,warning,node-exporter,prod-node-2:9100,resolved,86,no
2026-09-06T22:52:29Z,NetworkReceiveDropRate,warning,network,prod-node-2:9100,resolved,63,no
2026-09-06T22:54:11Z,DiskFillingFast,warning,node-exporter,prod-node-1:9100,resolved,164,no
2026-09-07T01:48:35Z,HighCPUUsage,warning,node-exporter,prod-node-3:9100,resolved,95,no
2026-09-07T02:22:31Z,HighMemoryUsage,warning,node-exporter,prod-node-2:9100,resolved,149,no
2026-09-07T02:41:35Z,ContainerOOMKilledTransient,warning,app-worker,prod-node-2:9100,resolved,148,no
2026-09-07T03:48:40Z,NginxWorkerThreadStall,warning,ingress,prod-node-1:9100,resolved,122,no
2026-09-07T05:52:07Z,NetworkReceiveDropRate,warning,network,prod-node-2:9100,resolved,141,no
2026-09-07T06:44:09Z,HighCPUUsage,warning,node-exporter,prod-node-3:9100,resolved,175,no
2026-09-07T06:47:07Z,HTTPClientSlowLatency,warning,api-gateway,prod-node-2:9100,resolved,54,no
2026-09-07T10:23:09Z,TemporaryLockContention,warning,database,prod-node-2:9100,resolved,110,no
2026-09-07T10:34:17Z,DiskFillingFast,warning,node-exporter,prod-node-3:9100,resolved,165,no
2026-09-07T10:37:18Z,HighCPUUsage,warning,node-exporter,prod-node-1:9100,resolved,71,no
2026-09-07T11:10:06Z,DiskFillingFast,warning,node-exporter,prod-node-2:9100,resolved,47,no
2026-09-07T11:26:15Z,DiskFillingFast,warning,node-exporter,prod-node-2:9100,resolved,54,no
2026-09-07T14:19:48Z,NetworkReceiveDropRate,warning,network,prod-node-1:9100,resolved,53,no
2026-09-07T14:22:07Z,DiskFillingFast,warning,node-exporter,prod-node-3:9100,resolved,55,no
2026-09-07T14:51:22Z,TemporaryLockContention,warning,database,prod-node-3:9100,resolved,44,no
2026-09-07T16:04:29Z,InstanceDown,critical,infrastructure,prod-node-2:9100,resolved,5337,yes
2026-09-07T17:44:16Z,DiskFillingFast,warning,node-exporter,prod-node-2:9100,resolved,38,no
2026-09-07T17:45:55Z,NetworkReceiveDropRate,warning,network,prod-node-3:9100,resolved,56,no
2026-09-07T20:11:59Z,TemporaryLockContention,warning,database,prod-node-3:9100,resolved,94,no
2026-09-07T21:30:58Z,TemporaryLockContention,warning,database,prod-node-3:9100,resolved,49,no
2026-09-07T22:44:46Z,DiskFillingFast,warning,node-exporter,prod-node-1:9100,resolved,138,no
2026-09-07T23:17:30Z,ContainerOOMKilledTransient,warning,app-worker,prod-node-1:9100,resolved,86,no
2026-09-08T01:41:58Z,TemporaryLockContention,warning,database,prod-node-2:9100,resolved,129,no
2026-09-08T03:21:00Z,HighCPUUsage,warning,node-exporter,prod-node-2:9100,resolved,64,no
2026-09-08T03:36:10Z,NginxWorkerThreadStall,warning,ingress,prod-node-2:9100,resolved,75,no
2026-09-08T03:57:40Z,NginxWorkerThreadStall,warning,ingress,prod-node-3:9100,resolved,178,no
2026-09-08T04:43:00Z,HighCPUUsage,warning,node-exporter,prod-node-1:9100,resolved,49,no
2026-09-08T04:52:46Z,HighContextSwitches,info,system,prod-node-3:9100,resolved,66,no
2026-09-08T07:58:42Z,HighCPUUsage,warning,node-exporter,prod-node-3:9100,resolved,57,no
2026-09-08T11:17:32Z,HTTPClientSlowLatency,warning,api-gateway,prod-node-3:9100,resolved,115,no
2026-09-08T11:38:55Z,TemporaryLockContention,warning,database,prod-node-3:9100,resolved,66,no
2026-09-08T12:19:25Z,ContainerOOMKilledTransient,warning,app-worker,prod-node-1:9100,resolved,74,no
2026-09-08T12:24:41Z,DiskFillingFast,warning,node-exporter,prod-node-1:9100,resolved,174,no
2026-09-08T12:32:00Z,NginxWorkerThreadStall,warning,ingress,prod-node-3:9100,resolved,98,no
2026-09-08T13:39:59Z,NginxWorkerThreadStall,warning,ingress,prod-node-2:9100,resolved,70,no
2026-09-08T13:48:51Z,HighMemoryUsage,warning,node-exporter,prod-node-2:9100,resolved,124,no
2026-09-08T15:57:50Z,NginxWorkerThreadStall,warning,ingress,prod-node-3:9100,resolved,158,no
2026-09-08T16:37:50Z,HighMemoryUsage,warning,node-exporter,prod-node-1:9100,resolved,166,no
2026-09-08T17:02:27Z,HighMemoryUsage,warning,node-exporter,prod-node-1:9100,resolved,59,no
2026-09-08T17:56:55Z,NetworkReceiveDropRate,warning,network,prod-node-2:9100,resolved,75,no
2026-09-08T19:26:56Z,ContainerOOMKilledTransient,warning,app-worker,prod-node-3:9100,resolved,102,no
2026-09-08T20:16:48Z,HighContextSwitches,info,system,prod-node-2:9100,resolved,109,no
2026-09-08T20:53:51Z,NetworkReceiveDropRate,warning,network,prod-node-2:9100,resolved,80,no
2026-09-08T21:52:00Z,NetworkReceiveDropRate,warning,network,prod-node-3:9100,resolved,78,no
2026-09-09T01:17:32Z,DNSResolutionSlowSpike,warning,coredns,prod-node-1:9100,resolved,31,no
2026-09-09T01:30:47Z,TemporaryLockContention,warning,database,prod-node-1:9100,resolved,42,no
2026-09-09T03:15:17Z,DiskFillingFast,warning,node-exporter,prod-node-2:9100,resolved,53,no
2026-09-09T04:19:08Z,DiskFillingFast,warning,node-exporter,prod-node-3:9100,resolved,26,no
2026-09-09T06:02:45Z,HTTPClientSlowLatency,warning,api-gateway,prod-node-3:9100,resolved,115,no
2026-09-09T07:23:33Z,DiskFillingFast,warning,node-exporter,prod-node-3:9100,resolved,60,no
2026-09-09T08:59:40Z,HighCPUUsage,warning,node-exporter,prod-node-2:9100,resolved,118,no
2026-09-09T09:34:37Z,HighCPUUsage,warning,node-exporter,prod-node-1:9100,resolved,74,no
2026-09-09T10:32:15Z,TemporaryLockContention,warning,database,prod-node-1:9100,resolved,156,no
2026-09-09T10:52:36Z,HTTPClientSlowLatency,warning,api-gateway,prod-node-3:9100,resolved,32,no
2026-09-09T10:59:54Z,HTTPClientSlowLatency,warning,api-gateway,prod-node-1:9100,resolved,155,no
2026-09-09T11:36:01Z,HighCPUUsage,warning,node-exporter,prod-node-2:9100,resolved,112,no
2026-09-09T12:47:48Z,DNSResolutionSlowSpike,warning,coredns,prod-node-2:9100,resolved,117,no
2026-09-09T15:08:48Z,HighCPUUsage,warning,node-exporter,prod-node-3:9100,resolved,133,no
2026-09-09T16:38:09Z,HighContextSwitches,info,system,prod-node-1:9100,resolved,122,no
2026-09-09T17:11:17Z,ContainerOOMKilledTransient,warning,app-worker,prod-node-1:9100,resolved,144,no
2026-09-09T19:39:21Z,DiskFillingFast,warning,node-exporter,prod-node-1:9100,resolved,70,no
2026-09-09T22:48:12Z,NetworkReceiveDropRate,warning,network,prod-node-1:9100,resolved,170,no
2026-09-09T22:57:49Z,HTTPClientSlowLatency,warning,api-gateway,prod-node-2:9100,resolved,72,no
2026-09-09T23:05:13Z,TemporaryLockContention,warning,database,prod-node-1:9100,resolved,134,no
2026-09-09T23:41:14Z,HighContextSwitches,info,system,prod-node-2:9100,resolved,162,no
2026-09-10T00:18:43Z,DNSResolutionSlowSpike,warning,coredns,prod-node-1:9100,resolved,173,no
2026-09-10T01:49:16Z,ContainerOOMKilledTransient,warning,app-worker,prod-node-2:9100,resolved,43,no
2026-09-10T02:14:21Z,TemporaryLockContention,warning,database,prod-node-1:9100,resolved,94,no
2026-09-10T06:50:47Z,HTTPClientSlowLatency,warning,api-gateway,prod-node-3:9100,resolved,148,no
2026-09-10T07:36:08Z,DatabaseReplicationLag,critical,database,prod-node-3:9100,resolved,6074,yes
2026-09-10T07:45:37Z,HighContextSwitches,info,system,prod-node-3:9100,resolved,125,no
2026-09-10T07:47:53Z,DiskFillingFast,warning,node-exporter,prod-node-1:9100,resolved,163,no
2026-09-10T08:02:48Z,NetworkReceiveDropRate,warning,network,prod-node-1:9100,resolved,44,no
2026-09-10T09:06:18Z,ContainerOOMKilledTransient,warning,app-worker,prod-node-3:9100,resolved,76,no
2026-09-10T10:00:16Z,NetworkReceiveDropRate,warning,network,prod-node-1:9100,resolved,74,no
2026-09-10T10:37:53Z,ContainerOOMKilledTransient,warning,app-worker,prod-node-2:9100,resolved,82,no
2026-09-10T11:05:33Z,DiskAlmostFull,critical,storage,prod-node-1:9100,resolved,5928,yes
2026-09-10T11:10:35Z,HighMemoryUsage,warning,node-exporter,prod-node-1:9100,resolved,25,no
2026-09-10T11:52:39Z,HighContextSwitches,info,system,prod-node-1:9100,resolved,93,no
2026-09-10T12:21:29Z,DNSResolutionSlowSpike,warning,coredns,prod-node-3:9100,resolved,80,no
2026-09-10T12:23:54Z,HighMemoryUsage,warning,node-exporter,prod-node-1:9100,resolved,78,no
2026-09-10T13:14:53Z,HighCPUUsage,warning,node-exporter,prod-node-2:9100,resolved,126,no
2026-09-10T13:42:55Z,NginxWorkerThreadStall,warning,ingress,prod-node-1:9100,resolved,93,no
2026-09-10T14:44:27Z,HighContextSwitches,info,system,prod-node-3:9100,resolved,65,no
2026-09-10T16:08:53Z,ContainerOOMKilledTransient,warning,app-worker,prod-node-1:9100,resolved,36,no
2026-09-10T18:35:24Z,HighMemoryUsage,warning,node-exporter,prod-node-2:9100,resolved,88,no
2026-09-10T19:58:40Z,NetworkReceiveDropRate,warning,network,prod-node-3:9100,resolved,148,no
2026-09-10T20:01:46Z,HighCPUUsage,warning,node-exporter,prod-node-2:9100,resolved,35,no
2026-09-10T20:10:50Z,HighCPUUsage,warning,node-exporter,prod-node-1:9100,resolved,150,no
2026-09-10T20:14:06Z,DiskFillingFast,warning,node-exporter,prod-node-3:9100,resolved,154,no
2026-09-10T20:29:31Z,ContainerOOMKilledTransient,warning,app-worker,prod-node-2:9100,resolved,53,no
2026-09-11T00:19:30Z,TemporaryLockContention,warning,database,prod-node-3:9100,resolved,74,no
2026-09-11T00:54:17Z,NginxWorkerThreadStall,warning,ingress,prod-node-3:9100,resolved,147,no
2026-09-11T01:23:51Z,HighCPUUsage,warning,node-exporter,prod-node-2:9100,resolved,149,no
2026-09-11T02:45:36Z,DiskFillingFast,warning,node-exporter,prod-node-2:9100,resolved,143,no
2026-09-11T03:17:50Z,HTTPClientSlowLatency,warning,api-gateway,prod-node-3:9100,resolved,84,no
2026-09-11T05:12:06Z,DiskFillingFast,warning,node-exporter,prod-node-1:9100,resolved,117,no
2026-09-11T05:44:29Z,DiskAlmostFull,critical,storage,prod-node-1:9100,resolved,6653,yes
2026-09-11T06:17:39Z,TemporaryLockContention,warning,database,prod-node-3:9100,resolved,116,no
2026-09-11T07:23:16Z,TemporaryLockContention,warning,database,prod-node-3:9100,resolved,91,no
2026-09-11T07:47:09Z,HighCPUUsage,warning,node-exporter,prod-node-2:9100,resolved,77,no
2026-09-11T08:03:39Z,DiskAlmostFull,critical,storage,prod-node-3:9100,resolved,1812,yes
2026-09-11T08:11:33Z,TemporaryLockContention,warning,database,prod-node-3:9100,resolved,157,no
2026-09-11T08:53:00Z,DNSResolutionSlowSpike,warning,coredns,prod-node-3:9100,resolved,129,no
2026-09-11T11:37:17Z,HighContextSwitches,info,system,prod-node-2:9100,resolved,115,no
2026-09-11T11:56:10Z,ContainerOOMKilledTransient,warning,app-worker,prod-node-2:9100,resolved,46,no
2026-09-11T12:14:16Z,NetworkReceiveDropRate,warning,network,prod-node-1:9100,resolved,37,no
2026-09-11T14:18:29Z,HTTPClientSlowLatency,warning,api-gateway,prod-node-3:9100,resolved,150,no
2026-09-11T14:46:55Z,DiskFillingFast,warning,node-exporter,prod-node-2:9100,resolved,75,no
2026-09-11T14:53:06Z,HTTPClientSlowLatency,warning,api-gateway,prod-node-3:9100,resolved,178,no
2026-09-11T17:02:43Z,NetworkReceiveDropRate,warning,network,prod-node-2:9100,resolved,39,no
2026-09-11T19:51:07Z,HighCPUUsage,warning,node-exporter,prod-node-1:9100,resolved,140,no
2026-09-11T20:29:28Z,HighCPUUsage,warning,node-exporter,prod-node-1:9100,resolved,38,no
2026-09-11T20:37:05Z,NetworkReceiveDropRate,warning,network,prod-node-2:9100,resolved,40,no
2026-09-11T22:06:40Z,HighMemoryUsage,warning,node-exporter,prod-node-2:9100,resolved,24,no
2026-09-11T22:43:44Z,HighContextSwitches,info,system,prod-node-3:9100,resolved,131,no
2026-09-11T22:50:49Z,TemporaryLockContention,warning,database,prod-node-3:9100,resolved,67,no
2026-09-11T22:56:04Z,ContainerOOMKilledTransient,warning,app-worker,prod-node-2:9100,resolved,26,no
2026-09-11T22:56:25Z,DiskFillingFast,warning,node-exporter,prod-node-1:9100,resolved,103,no
2026-09-12T02:03:36Z,HighCPUUsage,warning,node-exporter,prod-node-3:9100,resolved,62,no
2026-09-12T04:21:02Z,DiskFillingFast,warning,node-exporter,prod-node-3:9100,resolved,101,no
2026-09-12T04:25:47Z,HighCPUUsage,warning,node-exporter,prod-node-2:9100,resolved,98,no
2026-09-12T04:34:52Z,HighMemoryUsage,warning,node-exporter,prod-node-2:9100,resolved,167,no
2026-09-12T09:55:37Z,HighCPUUsage,warning,node-exporter,prod-node-2:9100,resolved,153,no
2026-09-12T12:06:30Z,HighContextSwitches,info,system,prod-node-3:9100,resolved,123,no
2026-09-12T12:50:31Z,DNSResolutionSlowSpike,warning,coredns,prod-node-1:9100,resolved,165,no
2026-09-12T13:38:48Z,HTTPClientSlowLatency,warning,api-gateway,prod-node-3:9100,resolved,30,no
2026-09-12T13:52:23Z,NetworkReceiveDropRate,warning,network,prod-node-3:9100,resolved,130,no
2026-09-12T15:19:01Z,TemporaryLockContention,warning,database,prod-node-3:9100,resolved,129,no
2026-09-12T15:25:34Z,NetworkReceiveDropRate,warning,network,prod-node-3:9100,resolved,142,no
2026-09-12T15:30:48Z,HTTPClientSlowLatency,warning,api-gateway,prod-node-2:9100,resolved,47,no
2026-09-12T16:07:27Z,DNSResolutionSlowSpike,warning,coredns,prod-node-1:9100,resolved,82,no
2026-09-12T16:16:07Z,HighMemoryUsage,warning,node-exporter,prod-node-1:9100,resolved,116,no
2026-09-12T18:31:32Z,HighContextSwitches,info,system,prod-node-3:9100,resolved,96,no
2026-09-12T18:55:10Z,TemporaryLockContention,warning,database,prod-node-2:9100,resolved,152,no
2026-09-12T19:05:48Z,HighCPUUsage,warning,node-exporter,prod-node-3:9100,resolved,29,no
2026-09-12T19:20:51Z,NetworkReceiveDropRate,warning,network,prod-node-2:9100,resolved,29,no
2026-09-12T20:03:59Z,NetworkReceiveDropRate,warning,network,prod-node-3:9100,resolved,167,no
2026-09-13T00:51:43Z,HighMemoryUsage,warning,node-exporter,prod-node-1:9100,resolved,160,no
2026-09-13T02:06:57Z,DiskFillingFast,warning,node-exporter,prod-node-3:9100,resolved,42,no
2026-09-13T02:10:17Z,HTTPClientSlowLatency,warning,api-gateway,prod-node-2:9100,resolved,153,no
2026-09-13T04:17:50Z,DNSResolutionSlowSpike,warning,coredns,prod-node-1:9100,resolved,147,no
2026-09-13T05:29:43Z,TemporaryLockContention,warning,database,prod-node-3:9100,resolved,139,no
2026-09-13T06:06:06Z,ContainerOOMKilledTransient,warning,app-worker,prod-node-2:9100,resolved,117,no
2026-09-13T06:16:28Z,HTTPClientSlowLatency,warning,api-gateway,prod-node-2:9100,resolved,112,no
2026-09-13T06:18:25Z,DiskFillingFast,warning,node-exporter,prod-node-1:9100,resolved,172,no
2026-09-13T06:35:56Z,HighContextSwitches,info,system,prod-node-3:9100,resolved,30,no
2026-09-13T06:54:02Z,TemporaryLockContention,warning,database,prod-node-1:9100,resolved,136,no
2026-09-13T07:09:13Z,HighCPUUsage,warning,node-exporter,prod-node-2:9100,resolved,68,no
2026-09-13T07:12:16Z,DNSResolutionSlowSpike,warning,coredns,prod-node-2:9100,resolved,154,no
2026-09-13T09:00:36Z,HighContextSwitches,info,system,prod-node-2:9100,resolved,34,no
2026-09-13T11:28:45Z,ContainerOOMKilledTransient,warning,app-worker,prod-node-2:9100,resolved,54,no
2026-09-13T11:54:20Z,DNSResolutionSlowSpike,warning,coredns,prod-node-2:9100,resolved,166,no
2026-09-13T12:28:13Z,HighCPUUsage,warning,node-exporter,prod-node-3:9100,resolved,73,no
2026-09-13T13:51:11Z,HTTPClientSlowLatency,warning,api-gateway,prod-node-3:9100,resolved,111,no
2026-09-13T14:13:26Z,HighMemoryUsage,warning,node-exporter,prod-node-1:9100,resolved,37,no
2026-09-13T14:32:08Z,NetworkReceiveDropRate,warning,network,prod-node-2:9100,resolved,26,no
2026-09-13T16:01:58Z,TemporaryLockContention,warning,database,prod-node-2:9100,resolved,37,no
2026-09-13T16:24:11Z,HTTPClientSlowLatency,warning,api-gateway,prod-node-1:9100,resolved,83,no
2026-09-13T17:23:48Z,NetworkReceiveDropRate,warning,network,prod-node-3:9100,resolved,164,no
2026-09-13T17:53:35Z,HTTPClientSlowLatency,warning,api-gateway,prod-node-1:9100,resolved,48,no
2026-09-13T18:33:09Z,TemporaryLockContention,warning,database,prod-node-2:9100,resolved,43,no
2026-09-13T20:17:30Z,NginxWorkerThreadStall,warning,ingress,prod-node-3:9100,resolved,38,no
2026-09-13T21:44:50Z,ContainerOOMKilledTransient,warning,app-worker,prod-node-2:9100,resolved,92,no
2026-09-13T22:40:39Z,DiskFillingFast,warning,node-exporter,prod-node-1:9100,resolved,137,no
2026-09-13T23:35:25Z,HTTPClientSlowLatency,warning,api-gateway,prod-node-2:9100,resolved,34,no
2026-09-14T00:41:19Z,HighCPUUsage,warning,node-exporter,prod-node-1:9100,resolved,121,no
2026-09-14T00:58:58Z,HTTPClientSlowLatency,warning,api-gateway,prod-node-2:9100,resolved,164,no
2026-09-14T01:20:12Z,NetworkReceiveDropRate,warning,network,prod-node-1:9100,resolved,34,no
2026-09-14T01:33:40Z,HighMemoryUsage,warning,node-exporter,prod-node-3:9100,resolved,156,no
2026-09-14T02:59:04Z,DNSResolutionSlowSpike,warning,coredns,prod-node-3:9100,resolved,176,no
2026-09-14T03:28:20Z,HighCPUUsage,warning,node-exporter,prod-node-2:9100,resolved,68,no
2026-09-14T03:49:26Z,DiskFillingFast,warning,node-exporter,prod-node-2:9100,resolved,180,no
2026-09-14T04:29:34Z,DiskFillingFast,warning,node-exporter,prod-node-2:9100,resolved,32,no
2026-09-14T04:38:52Z,DNSResolutionSlowSpike,warning,coredns,prod-node-1:9100,resolved,140,no
2026-09-14T04:40:45Z,HighContextSwitches,info,system,prod-node-2:9100,resolved,97,no
2026-09-14T04:58:01Z,DiskFillingFast,warning,node-exporter,prod-node-2:9100,resolved,33,no
2026-09-14T05:19:40Z,HighCPUUsage,warning,node-exporter,prod-node-1:9100,resolved,89,no
2026-09-14T05:23:03Z,HighCPUUsage,warning,node-exporter,prod-node-3:9100,resolved,74,no
2026-09-14T06:20:47Z,HTTPClientSlowLatency,warning,api-gateway,prod-node-3:9100,resolved,148,no
2026-09-14T08:28:53Z,DiskFillingFast,warning,node-exporter,prod-node-3:9100,resolved,177,no
2026-09-14T09:11:06Z,DiskFillingFast,warning,node-exporter,prod-node-1:9100,resolved,88,no
2026-09-14T09:28:54Z,HTTPClientSlowLatency,warning,api-gateway,prod-node-3:9100,resolved,105,no
2026-09-14T12:12:40Z,ContainerOOMKilledTransient,warning,app-worker,prod-node-1:9100,resolved,24,no
2026-09-14T12:27:32Z,DiskFillingFast,warning,node-exporter,prod-node-3:9100,resolved,134,no
2026-09-14T12:33:58Z,HighCPUUsage,warning,node-exporter,prod-node-2:9100,resolved,111,no
2026-09-14T13:05:22Z,HighCPUUsage,warning,node-exporter,prod-node-2:9100,resolved,126,no
2026-09-14T13:39:21Z,HighCPUUsage,warning,node-exporter,prod-node-2:9100,resolved,121,no
2026-09-14T14:13:02Z,HTTPClientSlowLatency,warning,api-gateway,prod-node-1:9100,resolved,50,no
2026-09-14T14:44:45Z,HighCPUUsage,warning,node-exporter,prod-node-3:9100,resolved,41,no
2026-09-14T14:58:49Z,HighMemoryUsage,warning,node-exporter,prod-node-3:9100,resolved,122,no
2026-09-14T19:17:44Z,TemporaryLockContention,warning,database,prod-node-3:9100,resolved,170,no
2026-09-14T19:22:05Z,HighCPUUsage,warning,node-exporter,prod-node-3:9100,resolved,167,no
2026-09-14T20:29:00Z,HighCPUUsage,warning,node-exporter,prod-node-2:9100,resolved,63,no
2026-09-14T20:52:37Z,HighMemoryUsage,warning,node-exporter,prod-node-3:9100,resolved,163,no
2026-09-14T21:42:37Z,NginxWorkerThreadStall,warning,ingress,prod-node-1:9100,resolved,29,no
2026-09-14T21:46:44Z,NetworkReceiveDropRate,warning,network,prod-node-2:9100,resolved,94,no
2026-09-14T22:16:24Z,ContainerOOMKilledTransient,warning,app-worker,prod-node-1:9100,resolved,85,no
2026-09-14T22:37:54Z,NetworkReceiveDropRate,warning,network,prod-node-2:9100,resolved,29,no
2026-09-15T00:18:47Z,TemporaryLockContention,warning,database,prod-node-1:9100,resolved,125,no
2026-09-15T01:34:45Z,DiskFillingFast,warning,node-exporter,prod-node-2:9100,resolved,41,no
2026-09-15T02:06:16Z,NginxWorkerThreadStall,warning,ingress,prod-node-1:9100,resolved,121,no
2026-09-15T02:45:29Z,HighMemoryUsage,warning,node-exporter,prod-node-2:9100,resolved,121,no
2026-09-15T03:42:25Z,HighMemoryUsage,warning,node-exporter,prod-node-3:9100,resolved,174,no
2026-09-15T04:07:16Z,NetworkReceiveDropRate,warning,network,prod-node-3:9100,resolved,95,no
2026-09-15T04:45:14Z,TemporaryLockContention,warning,database,prod-node-3:9100,resolved,68,no
2026-09-15T05:38:34Z,HighContextSwitches,info,system,prod-node-1:9100,resolved,147,no
2026-09-15T06:15:58Z,DNSResolutionSlowSpike,warning,coredns,prod-node-1:9100,resolved,159,no
2026-09-15T06:57:55Z,DiskFillingFast,warning,node-exporter,prod-node-3:9100,resolved,95,no
2026-09-15T07:22:01Z,HighCPUUsage,warning,node-exporter,prod-node-1:9100,resolved,116,no
2026-09-15T09:17:27Z,DiskFillingFast,warning,node-exporter,prod-node-2:9100,resolved,42,no
2026-09-15T09:42:43Z,ContainerOOMKilledTransient,warning,app-worker,prod-node-2:9100,resolved,141,no
2026-09-15T10:25:26Z,HTTPClientSlowLatency,warning,api-gateway,prod-node-3:9100,resolved,109,no
2026-09-15T10:43:16Z,NetworkReceiveDropRate,warning,network,prod-node-2:9100,resolved,126,no
2026-09-15T10:44:02Z,NginxWorkerThreadStall,warning,ingress,prod-node-3:9100,resolved,154,no
2026-09-15T11:24:53Z,DNSResolutionSlowSpike,warning,coredns,prod-node-2:9100,resolved,166,no
2026-09-15T11:42:02Z,TemporaryLockContention,warning,database,prod-node-3:9100,resolved,134,no
2026-09-15T12:10:34Z,HTTPClientSlowLatency,warning,api-gateway,prod-node-2:9100,resolved,157,no
2026-09-15T12:30:52Z,HighCPUUsage,warning,node-exporter,prod-node-1:9100,resolved,133,no
2026-09-15T13:03:44Z,DiskFillingFast,warning,node-exporter,prod-node-1:9100,resolved,52,no
2026-09-15T13:46:03Z,HighMemoryUsage,warning,node-exporter,prod-node-1:9100,resolved,133,no
2026-09-15T13:56:01Z,HTTPClientSlowLatency,warning,api-gateway,prod-node-2:9100,resolved,150,no
2026-09-15T14:55:31Z,HighMemoryUsage,warning,node-exporter,prod-node-1:9100,resolved,70,no
2026-09-15T16:10:51Z,NginxWorkerThreadStall,warning,ingress,prod-node-3:9100,resolved,32,no
2026-09-15T17:13:13Z,HighCPUUsage,warning,node-exporter,prod-node-1:9100,resolved,84,no
2026-09-15T17:33:45Z,HighCPUUsage,warning,node-exporter,prod-node-1:9100,resolved,159,no
2026-09-15T17:36:18Z,HighCPUUsage,warning,node-exporter,prod-node-3:9100,resolved,119,no
2026-09-15T19:41:40Z,NetworkReceiveDropRate,warning,network,prod-node-2:9100,resolved,21,no
2026-09-15T20:11:57Z,DNSResolutionSlowSpike,warning,coredns,prod-node-3:9100,resolved,36,no
2026-09-15T20:25:26Z,DatabaseReplicationLag,critical,database,prod-node-2:9100,resolved,3078,yes
2026-09-15T20:28:38Z,NetworkReceiveDropRate,warning,network,prod-node-1:9100,resolved,90,no
2026-09-15T20:34:03Z,NginxWorkerThreadStall,warning,ingress,prod-node-3:9100,resolved,31,no
2026-09-15T23:25:22Z,HighMemoryUsage,warning,node-exporter,prod-node-3:9100,resolved,63,no
2026-09-16T00:28:03Z,HighCPUUsage,warning,node-exporter,prod-node-1:9100,resolved,90,no
2026-09-16T00:56:28Z,HighMemoryUsage,warning,node-exporter,prod-node-3:9100,resolved,100,no
2026-09-16T01:05:03Z,HighCPUUsage,warning,node-exporter,prod-node-1:9100,resolved,161,no
2026-09-16T01:36:10Z,HighCPUUsage,warning,node-exporter,prod-node-2:9100,resolved,176,no
2026-09-16T02:45:41Z,HighContextSwitches,info,system,prod-node-1:9100,resolved,102,no
2026-09-16T02:46:22Z,HighMemoryUsage,warning,node-exporter,prod-node-3:9100,resolved,43,no
2026-09-16T03:37:01Z,HighCPUUsage,warning,node-exporter,prod-node-1:9100,resolved,117,no
2026-09-16T03:41:58Z,DiskFillingFast,warning,node-exporter,prod-node-3:9100,resolved,26,no
2026-09-16T03:45:36Z,HTTPClientSlowLatency,warning,api-gateway,prod-node-2:9100,resolved,61,no
2026-09-16T03:55:36Z,NginxWorkerThreadStall,warning,ingress,prod-node-3:9100,resolved,135,no
2026-09-16T04:08:11Z,TemporaryLockContention,warning,database,prod-node-1:9100,resolved,44,no
2026-09-16T05:22:15Z,DNSResolutionSlowSpike,warning,coredns,prod-node-2:9100,resolved,126,no
2026-09-16T05:55:37Z,HighMemoryUsage,warning,node-exporter,prod-node-3:9100,resolved,52,no
2026-09-16T05:58:09Z,TemporaryLockContention,warning,database,prod-node-1:9100,resolved,163,no
2026-09-16T06:04:56Z,HighCPUUsage,warning,node-exporter,prod-node-2:9100,resolved,132,no
2026-09-16T06:28:42Z,NginxWorkerThreadStall,warning,ingress,prod-node-3:9100,resolved,89,no
2026-09-16T07:32:14Z,NetworkReceiveDropRate,warning,network,prod-node-3:9100,resolved,60,no
2026-09-16T07:55:34Z,HighCPUUsage,warning,node-exporter,prod-node-1:9100,resolved,21,no
2026-09-16T08:49:17Z,HighMemoryUsage,warning,node-exporter,prod-node-2:9100,resolved,63,no
2026-09-16T11:57:08Z,NginxWorkerThreadStall,warning,ingress,prod-node-3:9100,resolved,109,no
2026-09-16T12:05:58Z,HTTPClientSlowLatency,warning,api-gateway,prod-node-1:9100,resolved,171,no
2026-09-16T12:15:11Z,TemporaryLockContention,warning,database,prod-node-1:9100,resolved,59,no
2026-09-16T13:50:00Z,HighCPUUsage,warning,node-exporter,prod-node-3:9100,resolved,57,no
2026-09-16T13:54:18Z,TemporaryLockContention,warning,database,prod-node-2:9100,resolved,88,no
2026-09-16T14:36:59Z,HighContextSwitches,info,system,prod-node-3:9100,resolved,123,no
2026-09-16T15:36:40Z,HighCPUUsage,warning,node-exporter,prod-node-3:9100,resolved,177,no
2026-09-16T15:43:45Z,NetworkReceiveDropRate,warning,network,prod-node-1:9100,resolved,47,no
2026-09-16T17:29:07Z,HighMemoryUsage,warning,node-exporter,prod-node-1:9100,resolved,39,no
2026-09-16T18:17:20Z,ContainerOOMKilledTransient,warning,app-worker,prod-node-1:9100,resolved,111,no
2026-09-16T21:32:38Z,ContainerOOMKilledTransient,warning,app-worker,prod-node-2:9100,resolved,144,no
2026-09-16T22:11:48Z,HighMemoryUsage,warning,node-exporter,prod-node-2:9100,resolved,146,no
2026-09-16T22:23:41Z,HighMemoryUsage,warning,node-exporter,prod-node-3:9100,resolved,40,no
2026-09-16T22:41:38Z,ContainerOOMKilledTransient,warning,app-worker,prod-node-1:9100,resolved,146,no
2026-09-16T23:11:22Z,HighCPUUsage,warning,node-exporter,prod-node-3:9100,resolved,118,no
2026-09-16T23:45:07Z,DNSResolutionSlowSpike,warning,coredns,prod-node-1:9100,resolved,140,no
2026-09-17T00:20:06Z,NetworkReceiveDropRate,warning,network,prod-node-3:9100,resolved,121,no
2026-09-17T01:40:23Z,DiskFillingFast,warning,node-exporter,prod-node-1:9100,resolved,116,no
2026-09-17T02:46:16Z,HighCPUUsage,warning,node-exporter,prod-node-2:9100,resolved,62,no
2026-09-17T04:03:29Z,HighCPUUsage,warning,node-exporter,prod-node-1:9100,resolved,162,no
2026-09-17T04:30:06Z,HighMemoryUsage,warning,node-exporter,prod-node-3:9100,resolved,99,no
2026-09-17T05:28:29Z,DiskFillingFast,warning,node-exporter,prod-node-3:9100,resolved,23,no
2026-09-17T05:58:33Z,DiskFillingFast,warning,node-exporter,prod-node-2:9100,resolved,144,no
2026-09-17T06:19:14Z,HighCPUUsage,warning,node-exporter,prod-node-1:9100,resolved,20,no
2026-09-17T09:22:59Z,DiskFillingFast,warning,node-exporter,prod-node-1:9100,resolved,96,no
2026-09-17T09:29:18Z,DiskFillingFast,warning,node-exporter,prod-node-1:9100,resolved,106,no
2026-09-17T09:34:00Z,DiskFillingFast,warning,node-exporter,prod-node-2:9100,resolved,112,no
2026-09-17T11:41:18Z,HTTPClientSlowLatency,warning,api-gateway,prod-node-3:9100,resolved,81,no
2026-09-17T12:11:01Z,HTTPClientSlowLatency,warning,api-gateway,prod-node-2:9100,resolved,36,no
2026-09-17T12:56:00Z,HighCPUUsage,warning,node-exporter,prod-node-1:9100,resolved,172,no
2026-09-17T13:27:44Z,HighCPUUsage,warning,node-exporter,prod-node-2:9100,resolved,64,no
2026-09-17T14:14:49Z,HighCPUUsage,warning,node-exporter,prod-node-1:9100,resolved,107,no
2026-09-17T14:15:20Z,NetworkReceiveDropRate,warning,network,prod-node-1:9100,resolved,110,no
2026-09-17T14:31:30Z,HTTPClientSlowLatency,warning,api-gateway,prod-node-3:9100,resolved,136,no
2026-09-17T15:34:31Z,HighContextSwitches,info,system,prod-node-2:9100,resolved,139,no
2026-09-17T15:44:25Z,HighContextSwitches,info,system,prod-node-1:9100,resolved,71,no
2026-09-17T16:17:52Z,HighMemoryUsage,warning,node-exporter,prod-node-1:9100,resolved,64,no
2026-09-17T16:30:10Z,HighMemoryUsage,warning,node-exporter,prod-node-3:9100,resolved,59,no
2026-09-17T17:37:41Z,HighCPUUsage,warning,node-exporter,prod-node-2:9100,resolved,52,no
2026-09-17T17:44:18Z,TemporaryLockContention,warning,database,prod-node-1:9100,resolved,165,no
2026-09-17T19:52:14Z,HTTPClientSlowLatency,warning,api-gateway,prod-node-1:9100,resolved,100,no
2026-09-17T20:38:08Z,HTTPClientSlowLatency,warning,api-gateway,prod-node-1:9100,resolved,32,no
2026-09-17T21:06:42Z,HighCPUUsage,warning,node-exporter,prod-node-1:9100,resolved,145,no
2026-09-17T22:53:36Z,DNSResolutionSlowSpike,warning,coredns,prod-node-2:9100,resolved,121,no
2026-09-17T22:56:44Z,TemporaryLockContention,warning,database,prod-node-2:9100,resolved,86,no
2026-09-18T00:16:32Z,DiskFillingFast,warning,node-exporter,prod-node-1:9100,resolved,130,no
2026-09-18T02:09:59Z,HighCPUUsage,warning,node-exporter,prod-node-3:9100,resolved,140,no
2026-09-18T02:46:10Z,HighCPUUsage,warning,node-exporter,prod-node-3:9100,resolved,147,no
2026-09-18T03:11:10Z,HighCPUUsage,warning,node-exporter,prod-node-2:9100,resolved,59,no
2026-09-18T03:35:04Z,HighCPUUsage,warning,node-exporter,prod-node-1:9100,resolved,36,no
2026-09-18T04:28:10Z,HighMemoryUsage,warning,node-exporter,prod-node-2:9100,resolved,99,no
2026-09-18T04:49:57Z,NetworkReceiveDropRate,warning,network,prod-node-3:9100,resolved,145,no
2026-09-18T05:22:47Z,ContainerOOMKilledTransient,warning,app-worker,prod-node-2:9100,resolved,94,no
2026-09-18T05:48:12Z,NetworkReceiveDropRate,warning,network,prod-node-2:9100,resolved,24,no
2026-09-18T06:20:52Z,HighMemoryUsage,warning,node-exporter,prod-node-1:9100,resolved,144,no
2026-09-18T06:21:41Z,HighMemoryUsage,warning,node-exporter,prod-node-1:9100,resolved,164,no
2026-09-18T06:21:55Z,HighMemoryUsage,warning,node-exporter,prod-node-2:9100,resolved,45,no
2026-09-18T08:39:59Z,DiskFillingFast,warning,node-exporter,prod-node-2:9100,resolved,121,no
2026-09-18T09:14:26Z,HTTPClientSlowLatency,warning,api-gateway,prod-node-2:9100,resolved,25,no
2026-09-18T09:31:14Z,NetworkReceiveDropRate,warning,network,prod-node-1:9100,resolved,20,no
2026-09-18T10:47:18Z,DiskFillingFast,warning,node-exporter,prod-node-1:9100,resolved,59,no
2026-09-18T12:00:57Z,DiskFillingFast,warning,node-exporter,prod-node-2:9100,resolved,92,no
2026-09-18T12:51:05Z,TemporaryLockContention,warning,database,prod-node-2:9100,resolved,108,no
2026-09-18T13:17:45Z,NetworkReceiveDropRate,warning,network,prod-node-1:9100,resolved,110,no
2026-09-18T14:00:16Z,ContainerOOMKilledTransient,warning,app-worker,prod-node-1:9100,resolved,85,no
2026-09-18T17:07:37Z,HighCPUUsage,warning,node-exporter,prod-node-1:9100,resolved,60,no
2026-09-18T17:43:33Z,NetworkReceiveDropRate,warning,network,prod-node-1:9100,resolved,169,no
2026-09-18T18:58:41Z,TemporaryLockContention,warning,database,prod-node-2:9100,resolved,68,no
2026-09-18T20:17:22Z,DiskFillingFast,warning,node-exporter,prod-node-1:9100,resolved,170,no
2026-09-18T20:27:58Z,HighCPUUsage,warning,node-exporter,prod-node-1:9100,resolved,114,no
2026-09-18T22:04:48Z,HTTPClientSlowLatency,warning,api-gateway,prod-node-2:9100,resolved,93,no
2026-09-18T22:22:41Z,DiskFillingFast,warning,node-exporter,prod-node-3:9100,resolved,55,no
2026-09-19T01:05:01Z,ContainerOOMKilledTransient,warning,app-worker,prod-node-1:9100,resolved,126,no
2026-09-19T01:42:30Z,TemporaryLockContention,warning,database,prod-node-1:9100,resolved,153,no
2026-09-19T02:10:57Z,HighCPUUsage,warning,node-exporter,prod-node-3:9100,resolved,67,no
2026-09-19T02:12:20Z,HighContextSwitches,info,system,prod-node-2:9100,resolved,30,no
2026-09-19T03:13:32Z,HTTPClientSlowLatency,warning,api-gateway,prod-node-2:9100,resolved,179,no
2026-09-19T03:16:44Z,HTTPClientSlowLatency,warning,api-gateway,prod-node-3:9100,resolved,65,no
2026-09-19T03:35:53Z,HighCPUUsage,warning,node-exporter,prod-node-1:9100,resolved,79,no
2026-09-19T03:52:33Z,TemporaryLockContention,warning,database,prod-node-2:9100,resolved,65,no
2026-09-19T06:07:30Z,HighMemoryUsage,warning,node-exporter,prod-node-2:9100,resolved,86,no
2026-09-19T06:45:40Z,ContainerOOMKilledTransient,warning,app-worker,prod-node-1:9100,resolved,62,no
2026-09-19T07:16:59Z,DiskFillingFast,warning,node-exporter,prod-node-2:9100,resolved,49,no
2026-09-19T08:26:42Z,NetworkReceiveDropRate,warning,network,prod-node-2:9100,resolved,60,no
2026-09-19T09:11:14Z,DiskFillingFast,warning,node-exporter,prod-node-3:9100,resolved,121,no
2026-09-19T09:12:21Z,TemporaryLockContention,warning,database,prod-node-3:9100,resolved,83,no
2026-09-19T09:20:43Z,HTTPClientSlowLatency,warning,api-gateway,prod-node-1:9100,resolved,73,no
2026-09-19T10:24:18Z,NetworkReceiveDropRate,warning,network,prod-node-3:9100,resolved,93,no
2026-09-19T10:37:07Z,ContainerOOMKilledTransient,warning,app-worker,prod-node-1:9100,resolved,75,no
2026-09-19T11:05:05Z,NginxWorkerThreadStall,warning,ingress,prod-node-1:9100,resolved,142,no
2026-09-19T11:37:05Z,HighMemoryUsage,warning,node-exporter,prod-node-1:9100,resolved,91,no
2026-09-19T11:49:54Z,DiskAlmostFull,critical,storage,prod-node-3:9100,resolved,5809,yes
2026-09-19T12:05:23Z,DiskFillingFast,warning,node-exporter,prod-node-3:9100,resolved,142,no
2026-09-19T12:12:44Z,HighContextSwitches,info,system,prod-node-3:9100,resolved,54,no
2026-09-19T15:09:04Z,DatabaseReplicationLag,critical,database,prod-node-1:9100,resolved,2239,yes
2026-09-19T15:33:59Z,NginxWorkerThreadStall,warning,ingress,prod-node-1:9100,resolved,46,no
2026-09-19T16:57:53Z,HighCPUUsage,warning,node-exporter,prod-node-1:9100,resolved,70,no
2026-09-19T16:58:45Z,HighMemoryUsage,warning,node-exporter,prod-node-3:9100,resolved,176,no
2026-09-19T17:04:29Z,HTTPClientSlowLatency,warning,api-gateway,prod-node-3:9100,resolved,101,no
2026-09-19T17:55:27Z,HTTPClientSlowLatency,warning,api-gateway,prod-node-3:9100,resolved,124,no
2026-09-19T19:21:31Z,HighMemoryUsage,warning,node-exporter,prod-node-2:9100,resolved,84,no
2026-09-19T20:50:06Z,HTTPClientSlowLatency,warning,api-gateway,prod-node-1:9100,resolved,132,no
2026-09-19T22:14:21Z,ContainerOOMKilledTransient,warning,app-worker,prod-node-2:9100,resolved,147,no
2026-09-19T22:19:31Z,HighCPUUsage,warning,node-exporter,prod-node-1:9100,resolved,80,no
2026-09-19T22:40:46Z,TemporaryLockContention,warning,database,prod-node-2:9100,resolved,164,no
2026-09-19T23:03:57Z,TemporaryLockContention,warning,database,prod-node-1:9100,resolved,66,no
2026-09-19T23:05:04Z,NetworkReceiveDropRate,warning,network,prod-node-3:9100,resolved,176,no
2026-09-19T23:16:36Z,HighCPUUsage,warning,node-exporter,prod-node-1:9100,resolved,156,no
2026-09-20T02:07:17Z,DiskFillingFast,warning,node-exporter,prod-node-3:9100,resolved,58,no
2026-09-20T04:43:18Z,HighMemoryUsage,warning,node-exporter,prod-node-2:9100,resolved,91,no
2026-09-20T05:50:01Z,HTTPClientSlowLatency,warning,api-gateway,prod-node-1:9100,resolved,104,no
2026-09-20T06:21:12Z,HighContextSwitches,info,system,prod-node-1:9100,resolved,76,no
2026-09-20T07:38:41Z,TemporaryLockContention,warning,database,prod-node-1:9100,resolved,111,no
2026-09-20T08:06:30Z,HighMemoryUsage,warning,node-exporter,prod-node-2:9100,resolved,133,no
2026-09-20T08:52:51Z,DiskFillingFast,warning,node-exporter,prod-node-3:9100,resolved,97,no
2026-09-20T10:51:44Z,HTTPClientSlowLatency,warning,api-gateway,prod-node-2:9100,resolved,114,no
2026-09-20T13:19:37Z,TemporaryLockContention,warning,database,prod-node-1:9100,resolved,38,no
2026-09-20T14:46:15Z,NginxWorkerThreadStall,warning,ingress,prod-node-1:9100,resolved,49,no
2026-09-20T16:02:20Z,DNSResolutionSlowSpike,warning,coredns,prod-node-1:9100,resolved,79,no
2026-09-20T19:32:01Z,TemporaryLockContention,warning,database,prod-node-3:9100,resolved,20,no
2026-09-20T19:37:33Z,HighMemoryUsage,warning,node-exporter,prod-node-3:9100,resolved,167,no
2026-09-20T20:20:55Z,NetworkReceiveDropRate,warning,network,prod-node-1:9100,resolved,173,no
2026-09-20T20:39:35Z,HTTPClientSlowLatency,warning,api-gateway,prod-node-2:9100,resolved,169,no
2026-09-20T21:52:09Z,HTTPClientSlowLatency,warning,api-gateway,prod-node-3:9100,resolved,91,no
2026-09-20T23:06:42Z,TemporaryLockContention,warning,database,prod-node-3:9100,resolved,96,no
2026-09-21T01:59:43Z,TemporaryLockContention,warning,database,prod-node-3:9100,resolved,154,no
2026-09-21T02:55:05Z,DiskAlmostFull,critical,storage,prod-node-3:9100,resolved,1720,yes
2026-09-21T03:27:28Z,DiskFillingFast,warning,node-exporter,prod-node-1:9100,resolved,32,no
2026-09-21T03:53:10Z,HighMemoryUsage,warning,node-exporter,prod-node-3:9100,resolved,161,no
2026-09-21T04:55:14Z,HTTPClientSlowLatency,warning,api-gateway,prod-node-1:9100,resolved,51,no
2026-09-21T07:10:41Z,NetworkReceiveDropRate,warning,network,prod-node-1:9100,resolved,61,no
2026-09-21T08:50:55Z,DiskFillingFast,warning,node-exporter,prod-node-2:9100,resolved,131,no
2026-09-21T10:24:25Z,HTTPClientSlowLatency,warning,api-gateway,prod-node-1:9100,resolved,168,no
2026-09-21T10:54:50Z,HighCPUUsage,warning,node-exporter,prod-node-2:9100,resolved,37,no
2026-09-21T11:21:23Z,HighCPUUsage,warning,node-exporter,prod-node-3:9100,resolved,140,no
2026-09-21T11:48:33Z,TemporaryLockContention,warning,database,prod-node-2:9100,resolved,86,no
2026-09-21T12:05:20Z,HighMemoryUsage,warning,node-exporter,prod-node-3:9100,resolved,180,no
2026-09-21T13:31:20Z,HighMemoryUsage,warning,node-exporter,prod-node-2:9100,resolved,153,no
2026-09-21T14:21:51Z,HighMemoryUsage,warning,node-exporter,prod-node-3:9100,resolved,132,no
2026-09-21T14:43:00Z,NginxWorkerThreadStall,warning,ingress,prod-node-1:9100,resolved,129,no
2026-09-21T16:54:19Z,NetworkReceiveDropRate,warning,network,prod-node-2:9100,resolved,25,no
2026-09-21T16:59:48Z,DiskFillingFast,warning,node-exporter,prod-node-1:9100,resolved,126,no
2026-09-21T21:07:14Z,DNSResolutionSlowSpike,warning,coredns,prod-node-2:9100,resolved,82,no
2026-09-21T21:36:52Z,HTTPClientSlowLatency,warning,api-gateway,prod-node-2:9100,resolved,100,no
2026-09-21T22:10:47Z,HighMemoryUsage,warning,node-exporter,prod-node-3:9100,resolved,56,no
2026-09-21T23:21:34Z,HighContextSwitches,info,system,prod-node-3:9100,resolved,22,no
2026-09-22T00:29:13Z,HTTPClientSlowLatency,warning,api-gateway,prod-node-3:9100,resolved,97,no
2026-09-22T01:37:27Z,HighCPUUsage,warning,node-exporter,prod-node-3:9100,resolved,168,no
2026-09-22T02:36:46Z,HighContextSwitches,info,system,prod-node-2:9100,resolved,72,no
2026-09-22T04:56:58Z,ContainerOOMKilledTransient,warning,app-worker,prod-node-3:9100,resolved,22,no
2026-09-22T05:12:51Z,DiskFillingFast,warning,node-exporter,prod-node-3:9100,resolved,25,no
2026-09-22T05:48:16Z,NginxWorkerThreadStall,warning,ingress,prod-node-2:9100,resolved,97,no
2026-09-22T07:02:40Z,DiskFillingFast,warning,node-exporter,prod-node-3:9100,resolved,143,no
2026-09-22T07:13:51Z,NginxWorkerThreadStall,warning,ingress,prod-node-3:9100,resolved,102,no
2026-09-22T07:46:57Z,DiskFillingFast,warning,node-exporter,prod-node-3:9100,resolved,136,no
2026-09-22T08:07:01Z,HighMemoryUsage,warning,node-exporter,prod-node-3:9100,resolved,32,no
2026-09-22T09:20:42Z,HighMemoryUsage,warning,node-exporter,prod-node-1:9100,resolved,92,no
2026-09-22T09:34:14Z,HighCPUUsage,warning,node-exporter,prod-node-1:9100,resolved,171,no
2026-09-22T10:31:31Z,HTTPClientSlowLatency,warning,api-gateway,prod-node-1:9100,resolved,164,no
2026-09-22T10:34:00Z,NetworkReceiveDropRate,warning,network,prod-node-1:9100,resolved,152,no
2026-09-22T12:32:32Z,HighCPUUsage,warning,node-exporter,prod-node-1:9100,resolved,138,no
2026-09-22T13:02:18Z,NetworkReceiveDropRate,warning,network,prod-node-1:9100,resolved,131,no
2026-09-22T13:10:35Z,DiskFillingFast,warning,node-exporter,prod-node-1:9100,resolved,172,no
2026-09-22T14:17:12Z,HighMemoryUsage,warning,node-exporter,prod-node-2:9100,resolved,127,no
2026-09-22T17:03:40Z,HighCPUUsage,warning,node-exporter,prod-node-1:9100,resolved,161,no
2026-09-22T17:17:39Z,HighMemoryUsage,warning,node-exporter,prod-node-1:9100,resolved,106,no
2026-09-22T17:22:34Z,HighCPUUsage,warning,node-exporter,prod-node-3:9100,resolved,59,no
2026-09-22T18:12:26Z,InstanceDown,critical,infrastructure,prod-node-1:9100,firing,6493,yes
2026-09-22T18:13:37Z,HighContextSwitches,info,system,prod-node-2:9100,resolved,135,no
2026-09-22T19:51:00Z,HighContextSwitches,info,system,prod-node-2:9100,resolved,99,no
2026-09-22T21:56:11Z,HighCPUUsage,warning,node-exporter,prod-node-3:9100,resolved,32,no
2026-09-22T22:21:36Z,HighMemoryUsage,warning,node-exporter,prod-node-2:9100,resolved,91,no
2026-09-22T22:35:24Z,HighCPUUsage,warning,node-exporter,prod-node-3:9100,resolved,145,no
2026-09-22T23:13:29Z,HTTPClientSlowLatency,warning,api-gateway,prod-node-1:9100,resolved,44,no
2026-09-22T23:30:54Z,DNSResolutionSlowSpike,warning,coredns,prod-node-2:9100,resolved,69,no
2026-09-22T23:39:36Z,NetworkReceiveDropRate,warning,network,prod-node-2:9100,resolved,144,no
2026-09-22T23:56:50Z,NetworkReceiveDropRate,warning,network,prod-node-1:9100,resolved,71,no
2026-09-23T00:41:08Z,NginxWorkerThreadStall,warning,ingress,prod-node-3:9100,resolved,155,no
2026-09-23T00:46:12Z,DiskFillingFast,warning,node-exporter,prod-node-1:9100,resolved,152,no
2026-09-23T01:21:56Z,HTTPClientSlowLatency,warning,api-gateway,prod-node-3:9100,resolved,159,no
2026-09-23T02:13:16Z,DiskFillingFast,warning,node-exporter,prod-node-2:9100,resolved,99,no
2026-09-23T02:41:43Z,DNSResolutionSlowSpike,warning,coredns,prod-node-3:9100,resolved,73,no
2026-09-23T03:20:15Z,TemporaryLockContention,warning,database,prod-node-1:9100,resolved,39,no
2026-09-23T05:17:57Z,HighCPUUsage,warning,node-exporter,prod-node-3:9100,resolved,70,no
2026-09-23T05:26:39Z,HighCPUUsage,warning,node-exporter,prod-node-1:9100,resolved,82,no
2026-09-23T05:34:13Z,DiskFillingFast,warning,node-exporter,prod-node-3:9100,resolved,145,no
2026-09-23T06:06:52Z,HighCPUUsage,warning,node-exporter,prod-node-3:9100,resolved,22,no
2026-09-23T07:20:35Z,ContainerOOMKilledTransient,warning,app-worker,prod-node-1:9100,resolved,25,no
2026-09-23T07:36:33Z,HighCPUUsage,warning,node-exporter,prod-node-1:9100,resolved,160,no
2026-09-23T07:40:29Z,TemporaryLockContention,warning,database,prod-node-1:9100,resolved,112,no
2026-09-23T07:53:56Z,DiskFillingFast,warning,node-exporter,prod-node-2:9100,resolved,82,no
2026-09-23T08:38:32Z,HTTPClientSlowLatency,warning,api-gateway,prod-node-3:9100,resolved,159,no
2026-09-23T08:54:04Z,HighContextSwitches,info,system,prod-node-1:9100,resolved,147,no
2026-09-23T09:24:14Z,HighCPUUsage,warning,node-exporter,prod-node-3:9100,resolved,165,no
2026-09-23T10:17:37Z,DiskFillingFast,warning,node-exporter,prod-node-1:9100,resolved,135,no
2026-09-23T11:22:14Z,HighMemoryUsage,warning,node-exporter,prod-node-2:9100,resolved,25,no
2026-09-23T11:26:26Z,DiskFillingFast,warning,node-exporter,prod-node-2:9100,resolved,167,no
2026-09-23T11:43:54Z,HighCPUUsage,warning,node-exporter,prod-node-1:9100,resolved,65,no
2026-09-23T14:14:18Z,DiskFillingFast,warning,node-exporter,prod-node-3:9100,resolved,21,no
2026-09-23T15:02:18Z,NginxWorkerThreadStall,warning,ingress,prod-node-1:9100,resolved,62,no
2026-09-23T15:49:11Z,HighContextSwitches,info,system,prod-node-3:9100,resolved,41,no
2026-09-23T17:26:16Z,HighCPUUsage,warning,node-exporter,prod-node-1:9100,resolved,71,no
2026-09-23T17:28:38Z,NetworkReceiveDropRate,warning,network,prod-node-3:9100,resolved,154,no
2026-09-23T18:31:07Z,DiskAlmostFull,critical,storage,prod-node-1:9100,resolved,6665,yes
2026-09-23T20:46:21Z,NetworkReceiveDropRate,warning,network,prod-node-1:9100,resolved,87,no
2026-09-23T22:13:13Z,DNSResolutionSlowSpike,warning,coredns,prod-node-3:9100,resolved,31,no
2026-09-23T22:23:24Z,NetworkReceiveDropRate,warning,network,prod-node-3:9100,resolved,90,no
2026-09-23T23:08:21Z,TemporaryLockContention,warning,database,prod-node-1:9100,resolved,127,no
2026-09-24T00:43:28Z,HighMemoryUsage,warning,node-exporter,prod-node-3:9100,resolved,146,no
2026-09-24T02:37:29Z,DiskAlmostFull,critical,storage,prod-node-2:9100,resolved,4816,yes
2026-09-24T03:13:50Z,DiskFillingFast,warning,node-exporter,prod-node-2:9100,resolved,67,no
2026-09-24T03:43:38Z,HTTPClientSlowLatency,warning,api-gateway,prod-node-2:9100,resolved,94,no
2026-09-24T06:21:39Z,HighCPUUsage,warning,node-exporter,prod-node-2:9100,resolved,144,no
2026-09-24T06:26:55Z,DiskFillingFast,warning,node-exporter,prod-node-2:9100,resolved,166,no
2026-09-24T08:09:48Z,HighCPUUsage,warning,node-exporter,prod-node-2:9100,resolved,149,no
2026-09-24T08:47:55Z,DNSResolutionSlowSpike,warning,coredns,prod-node-3:9100,resolved,100,no
2026-09-24T09:27:00Z,HighCPUUsage,warning,node-exporter,prod-node-3:9100,resolved,151,no
2026-09-24T11:15:15Z,HTTPClientSlowLatency,warning,api-gateway,prod-node-1:9100,resolved,21,no
2026-09-24T11:23:12Z,NetworkReceiveDropRate,warning,network,prod-node-2:9100,resolved,108,no
2026-09-24T13:44:14Z,DiskAlmostFull,critical,storage,prod-node-1:9100,resolved,2330,yes
2026-09-24T16:09:47Z,DiskFillingFast,warning,node-exporter,prod-node-1:9100,resolved,158,no
2026-09-24T17:40:54Z,NginxWorkerThreadStall,warning,ingress,prod-node-2:9100,resolved,107,no
2026-09-24T18:22:28Z,HighContextSwitches,info,system,prod-node-3:9100,resolved,110,no
2026-09-24T18:43:38Z,HighCPUUsage,warning,node-exporter,prod-node-3:9100,resolved,22,no
2026-09-24T19:10:19Z,HighMemoryUsage,warning,node-exporter,prod-node-3:9100,resolved,124,no
2026-09-24T19:44:57Z,TemporaryLockContention,warning,database,prod-node-1:9100,resolved,115,no
2026-09-24T19:53:11Z,HighContextSwitches,info,system,prod-node-1:9100,resolved,128,no
2026-09-24T20:05:43Z,HighCPUUsage,warning,node-exporter,prod-node-3:9100,resolved,138,no
2026-09-24T21:46:36Z,DiskFillingFast,warning,node-exporter,prod-node-1:9100,resolved,68,no
2026-09-24T21:52:32Z,DNSResolutionSlowSpike,warning,coredns,prod-node-1:9100,resolved,33,no
2026-09-24T22:01:47Z,HighMemoryUsage,warning,node-exporter,prod-node-2:9100,resolved,82,no
2026-09-24T23:04:48Z,DNSResolutionSlowSpike,warning,coredns,prod-node-3:9100,resolved,58,no
2026-09-24T23:46:08Z,DNSResolutionSlowSpike,warning,coredns,prod-node-2:9100,resolved,97,no
2026-09-24T23:51:57Z,HTTPClientSlowLatency,warning,api-gateway,prod-node-2:9100,resolved,75,no
2026-09-25T00:47:34Z,HighMemoryUsage,warning,node-exporter,prod-node-2:9100,resolved,20,no
2026-09-25T01:32:35Z,HighMemoryUsage,warning,node-exporter,prod-node-2:9100,resolved,167,no
2026-09-25T01:54:01Z,DiskFillingFast,warning,node-exporter,prod-node-1:9100,resolved,129,no
2026-09-25T02:05:09Z,HighContextSwitches,info,system,prod-node-3:9100,resolved,147,no
2026-09-25T02:31:15Z,HighMemoryUsage,warning,node-exporter,prod-node-3:9100,resolved,86,no
2026-09-25T02:40:14Z,ContainerOOMKilledTransient,warning,app-worker,prod-node-1:9100,resolved,52,no
2026-09-25T03:55:48Z,HighCPUUsage,warning,node-exporter,prod-node-2:9100,resolved,60,no
2026-09-25T04:28:11Z,NetworkReceiveDropRate,warning,network,prod-node-1:9100,resolved,74,no
2026-09-25T04:47:25Z,DiskFillingFast,warning,node-exporter,prod-node-1:9100,resolved,118,no
2026-09-25T06:46:19Z,HTTPClientSlowLatency,warning,api-gateway,prod-node-1:9100,resolved,32,no
2026-09-25T07:36:57Z,DiskFillingFast,warning,node-exporter,prod-node-2:9100,resolved,26,no
2026-09-25T07:57:53Z,DiskFillingFast,warning,node-exporter,prod-node-3:9100,resolved,93,no
2026-09-25T10:27:59Z,ContainerOOMKilledTransient,warning,app-worker,prod-node-3:9100,resolved,54,no
2026-09-25T11:25:11Z,HighCPUUsage,warning,node-exporter,prod-node-3:9100,resolved,144,no
2026-09-25T12:42:51Z,HighMemoryUsage,warning,node-exporter,prod-node-1:9100,resolved,47,no
2026-09-25T13:09:28Z,NetworkReceiveDropRate,warning,network,prod-node-1:9100,resolved,128,no
2026-09-25T13:20:27Z,TemporaryLockContention,warning,database,prod-node-1:9100,resolved,137,no
2026-09-25T13:28:17Z,HighContextSwitches,info,system,prod-node-1:9100,resolved,178,no
2026-09-25T15:00:39Z,HighMemoryUsage,warning,node-exporter,prod-node-1:9100,resolved,58,no
2026-09-25T15:35:13Z,DiskFillingFast,warning,node-exporter,prod-node-3:9100,resolved,165,no
2026-09-25T16:04:49Z,HTTPClientSlowLatency,warning,api-gateway,prod-node-3:9100,resolved,53,no
2026-09-25T16:16:17Z,HTTPClientSlowLatency,warning,api-gateway,prod-node-2:9100,resolved,94,no
2026-09-25T17:04:53Z,DNSResolutionSlowSpike,warning,coredns,prod-node-2:9100,resolved,72,no
2026-09-25T18:36:05Z,NetworkReceiveDropRate,warning,network,prod-node-1:9100,resolved,147,no
2026-09-25T19:29:24Z,HighMemoryUsage,warning,node-exporter,prod-node-1:9100,resolved,169,no
2026-09-25T20:01:07Z,HighCPUUsage,warning,node-exporter,prod-node-3:9100,resolved,129,no
2026-09-25T21:21:43Z,TemporaryLockContention,warning,database,prod-node-1:9100,resolved,26,no
2026-09-25T21:32:03Z,DiskFillingFast,warning,node-exporter,prod-node-2:9100,resolved,59,no
2026-09-25T21:53:37Z,TemporaryLockContention,warning,database,prod-node-1:9100,resolved,53,no
2026-09-25T23:32:25Z,HighCPUUsage,warning,node-exporter,prod-node-1:9100,resolved,106,no
2026-09-26T00:19:42Z,NginxWorkerThreadStall,warning,ingress,prod-node-2:9100,resolved,21,no
2026-09-26T00:36:58Z,DNSResolutionSlowSpike,warning,coredns,prod-node-2:9100,resolved,163,no
2026-09-26T02:00:22Z,HighMemoryUsage,warning,node-exporter,prod-node-3:9100,resolved,53,no
2026-09-26T04:27:18Z,DiskFillingFast,warning,node-exporter,prod-node-1:9100,resolved,81,no
2026-09-26T04:52:21Z,DNSResolutionSlowSpike,warning,coredns,prod-node-2:9100,resolved,138,no
2026-09-26T04:57:19Z,InstanceDown,critical,infrastructure,prod-node-1:9100,firing,1257,yes
2026-09-26T06:40:50Z,TemporaryLockContention,warning,database,prod-node-3:9100,resolved,87,no
2026-09-26T07:31:10Z,TemporaryLockContention,warning,database,prod-node-2:9100,resolved,145,no
2026-09-26T07:58:57Z,NetworkReceiveDropRate,warning,network,prod-node-3:9100,resolved,165,no
2026-09-26T08:32:21Z,HighMemoryUsage,warning,node-exporter,prod-node-2:9100,resolved,121,no
2026-09-26T10:17:57Z,TemporaryLockContention,warning,database,prod-node-1:9100,resolved,147,no
2026-09-26T11:39:13Z,TemporaryLockContention,warning,database,prod-node-2:9100,resolved,89,no
2026-09-26T12:43:47Z,DiskFillingFast,warning,node-exporter,prod-node-3:9100,resolved,133,no
2026-09-26T13:48:27Z,NetworkReceiveDropRate,warning,network,prod-node-1:9100,resolved,149,no
2026-09-26T14:14:58Z,HighCPUUsage,warning,node-exporter,prod-node-2:9100,resolved,40,no
2026-09-26T15:09:55Z,NginxWorkerThreadStall,warning,ingress,prod-node-3:9100,resolved,129,no
2026-09-26T15:51:33Z,HighMemoryUsage,warning,node-exporter,prod-node-3:9100,resolved,29,no
2026-09-26T16:26:35Z,TemporaryLockContention,warning,database,prod-node-3:9100,resolved,121,no
2026-09-26T17:17:38Z,HighContextSwitches,info,system,prod-node-2:9100,resolved,141,no
2026-09-26T19:48:50Z,HighMemoryUsage,warning,node-exporter,prod-node-1:9100,resolved,93,no
2026-09-26T21:29:18Z,HighContextSwitches,info,system,prod-node-3:9100,resolved,139,no
2026-09-26T22:33:41Z,HTTPClientSlowLatency,warning,api-gateway,prod-node-3:9100,resolved,89,no
2026-09-26T22:51:49Z,HTTPClientSlowLatency,warning,api-gateway,prod-node-1:9100,resolved,24,no
2026-09-26T23:05:47Z,HighMemoryUsage,warning,node-exporter,prod-node-1:9100,resolved,176,no
2026-09-27T00:23:28Z,HighCPUUsage,warning,node-exporter,prod-node-2:9100,resolved,171,no
2026-09-27T01:12:48Z,NetworkReceiveDropRate,warning,network,prod-node-1:9100,resolved,91,no
2026-09-27T01:29:23Z,TemporaryLockContention,warning,database,prod-node-2:9100,resolved,119,no
2026-09-27T03:56:08Z,HighCPUUsage,warning,node-exporter,prod-node-3:9100,resolved,75,no
2026-09-27T04:26:54Z,HighMemoryUsage,warning,node-exporter,prod-node-3:9100,resolved,178,no
2026-09-27T04:49:14Z,HighContextSwitches,info,system,prod-node-1:9100,resolved,141,no
2026-09-27T04:51:22Z,HighCPUUsage,warning,node-exporter,prod-node-3:9100,resolved,177,no
2026-09-27T06:58:09Z,TemporaryLockContention,warning,database,prod-node-3:9100,resolved,51,no
2026-09-27T07:20:27Z,NetworkReceiveDropRate,warning,network,prod-node-3:9100,resolved,90,no
2026-09-27T07:38:30Z,HighContextSwitches,info,system,prod-node-2:9100,resolved,79,no
2026-09-27T09:33:13Z,ContainerOOMKilledTransient,warning,app-worker,prod-node-3:9100,resolved,110,no
2026-09-27T09:55:31Z,NginxWorkerThreadStall,warning,ingress,prod-node-2:9100,resolved,59,no
2026-09-27T10:08:11Z,HighCPUUsage,warning,node-exporter,prod-node-2:9100,resolved,90,no
2026-09-27T10:13:46Z,NetworkReceiveDropRate,warning,network,prod-node-3:9100,resolved,126,no
2026-09-27T10:20:51Z,HighCPUUsage,warning,node-exporter,prod-node-2:9100,resolved,158,no
2026-09-27T11:21:52Z,ContainerOOMKilledTransient,warning,app-worker,prod-node-3:9100,resolved,128,no
2026-09-27T11:42:13Z,NetworkReceiveDropRate,warning,network,prod-node-1:9100,resolved,144,no
2026-09-27T12:02:51Z,HighCPUUsage,warning,node-exporter,prod-node-1:9100,resolved,141,no
2026-09-27T12:25:42Z,HighCPUUsage,warning,node-exporter,prod-node-3:9100,resolved,104,no
2026-09-27T14:03:28Z,DiskFillingFast,warning,node-exporter,prod-node-3:9100,resolved,177,no
2026-09-27T15:32:45Z,HighMemoryUsage,warning,node-exporter,prod-node-1:9100,resolved,74,no
2026-09-27T15:44:23Z,TemporaryLockContention,warning,database,prod-node-3:9100,resolved,88,no
2026-09-27T15:50:02Z,HighContextSwitches,info,system,prod-node-1:9100,resolved,179,no
2026-09-27T16:04:32Z,HighCPUUsage,warning,node-exporter,prod-node-1:9100,resolved,111,no
2026-09-27T16:10:49Z,DiskFillingFast,warning,node-exporter,prod-node-2:9100,resolved,113,no
2026-09-27T16:23:10Z,TemporaryLockContention,warning,database,prod-node-3:9100,resolved,77,no
2026-09-27T16:49:41Z,HighCPUUsage,warning,node-exporter,prod-node-2:9100,resolved,136,no
2026-09-27T18:33:00Z,NetworkReceiveDropRate,warning,network,prod-node-3:9100,resolved,109,no
2026-09-27T19:06:48Z,HighCPUUsage,warning,node-exporter,prod-node-3:9100,resolved,140,no
2026-09-27T19:27:36Z,NetworkReceiveDropRate,warning,network,prod-node-3:9100,resolved,119,no
2026-09-27T19:42:31Z,NetworkReceiveDropRate,warning,network,prod-node-1:9100,resolved,152,no
2026-09-27T21:06:23Z,TemporaryLockContention,warning,database,prod-node-3:9100,resolved,159,no
2026-09-27T21:21:23Z,ContainerOOMKilledTransient,warning,app-worker,prod-node-1:9100,resolved,119,no
2026-09-27T21:29:38Z,ContainerOOMKilledTransient,warning,app-worker,prod-node-1:9100,resolved,40,no
2026-09-27T21:40:25Z,HighCPUUsage,warning,node-exporter,prod-node-2:9100,resolved,75,no
2026-09-27T22:43:18Z,HighContextSwitches,info,system,prod-node-2:9100,resolved,129,no
2026-09-27T23:15:03Z,DiskFillingFast,warning,node-exporter,prod-node-3:9100,resolved,114,no
2026-09-27T23:37:27Z,DiskFillingFast,warning,node-exporter,prod-node-3:9100,resolved,55,no
2026-09-28T01:02:04Z,HighCPUUsage,warning,node-exporter,prod-node-2:9100,resolved,117,no
2026-09-28T02:19:23Z,ContainerOOMKilledTransient,warning,app-worker,prod-node-2:9100,resolved,38,no
2026-09-28T03:52:15Z,NetworkReceiveDropRate,warning,network,prod-node-2:9100,resolved,41,no
2026-09-28T04:56:56Z,HighMemoryUsage,warning,node-exporter,prod-node-3:9100,resolved,91,no
2026-09-28T05:51:49Z,HTTPClientSlowLatency,warning,api-gateway,prod-node-1:9100,resolved,89,no
2026-09-28T06:10:30Z,HighContextSwitches,info,system,prod-node-2:9100,resolved,99,no
2026-09-28T06:35:16Z,TemporaryLockContention,warning,database,prod-node-3:9100,resolved,49,no
2026-09-28T06:56:26Z,HighMemoryUsage,warning,node-exporter,prod-node-2:9100,resolved,175,no
2026-09-28T07:18:45Z,HighCPUUsage,warning,node-exporter,prod-node-2:9100,resolved,44,no
2026-09-28T08:00:49Z,DiskFillingFast,warning,node-exporter,prod-node-1:9100,resolved,26,no
2026-09-28T08:07:33Z,HighContextSwitches,info,system,prod-node-2:9100,resolved,164,no
2026-09-28T08:14:19Z,DNSResolutionSlowSpike,warning,coredns,prod-node-2:9100,resolved,141,no
2026-09-28T10:34:07Z,DNSResolutionSlowSpike,warning,coredns,prod-node-2:9100,resolved,38,no
2026-09-28T10:55:57Z,HighCPUUsage,warning,node-exporter,prod-node-1:9100,resolved,123,no
2026-09-28T12:02:56Z,NetworkReceiveDropRate,warning,network,prod-node-2:9100,resolved,109,no
2026-09-28T13:22:52Z,DiskFillingFast,warning,node-exporter,prod-node-2:9100,resolved,129,no
2026-09-28T15:15:51Z,HighCPUUsage,warning,node-exporter,prod-node-3:9100,resolved,175,no
2026-09-28T15:24:43Z,NginxWorkerThreadStall,warning,ingress,prod-node-3:9100,resolved,133,no
2026-09-28T15:33:53Z,HighContextSwitches,info,system,prod-node-1:9100,resolved,26,no
2026-09-28T15:50:20Z,TemporaryLockContention,warning,database,prod-node-3:9100,resolved,84,no
2026-09-28T16:51:09Z,DatabaseReplicationLag,critical,database,prod-node-1:9100,resolved,4810,yes
2026-09-28T19:53:46Z,HTTPClientSlowLatency,warning,api-gateway,prod-node-3:9100,resolved,66,no
2026-09-28T21:00:09Z,HighCPUUsage,warning,node-exporter,prod-node-1:9100,resolved,24,no
2026-09-28T21:36:02Z,HighCPUUsage,warning,node-exporter,prod-node-2:9100,resolved,98,no
2026-09-28T23:06:18Z,HighContextSwitches,info,system,prod-node-1:9100,resolved,42,no
2026-09-29T00:30:58Z,TemporaryLockContention,warning,database,prod-node-1:9100,resolved,131,no
2026-09-29T01:58:53Z,ContainerOOMKilledTransient,warning,app-worker,prod-node-1:9100,resolved,69,no
2026-09-29T02:20:37Z,DiskFillingFast,warning,node-exporter,prod-node-2:9100,resolved,39,no
2026-09-29T03:22:25Z,NginxWorkerThreadStall,warning,ingress,prod-node-2:9100,resolved,140,no
2026-09-29T05:03:08Z,HighCPUUsage,warning,node-exporter,prod-node-3:9100,resolved,80,no
2026-09-29T06:09:06Z,HighContextSwitches,info,system,prod-node-2:9100,resolved,81,no
2026-09-29T06:59:25Z,ContainerOOMKilledTransient,warning,app-worker,prod-node-2:9100,resolved,28,no
2026-09-29T09:13:20Z,DiskAlmostFull,critical,storage,prod-node-3:9100,resolved,6960,yes
2026-09-29T09:27:06Z,HighMemoryUsage,warning,node-exporter,prod-node-3:9100,resolved,174,no
2026-09-29T10:41:08Z,TemporaryLockContention,warning,database,prod-node-3:9100,resolved,106,no
2026-09-29T11:16:39Z,HighCPUUsage,warning,node-exporter,prod-node-2:9100,resolved,99,no
2026-09-29T11:25:27Z,HTTPClientSlowLatency,warning,api-gateway,prod-node-3:9100,resolved,62,no
2026-09-29T11:53:24Z,HighMemoryUsage,warning,node-exporter,prod-node-1:9100,resolved,176,no
2026-09-29T13:04:45Z,HighCPUUsage,warning,node-exporter,prod-node-3:9100,resolved,137,no
2026-09-29T13:05:21Z,HighContextSwitches,info,system,prod-node-3:9100,resolved,68,no
2026-09-29T14:33:09Z,HighCPUUsage,warning,node-exporter,prod-node-2:9100,resolved,64,no
2026-09-29T14:35:54Z,NetworkReceiveDropRate,warning,network,prod-node-2:9100,resolved,34,no
2026-09-29T16:23:33Z,HighMemoryUsage,warning,node-exporter,prod-node-1:9100,resolved,137,no
2026-09-29T16:53:59Z,HighCPUUsage,warning,node-exporter,prod-node-1:9100,resolved,34,no
2026-09-30T00:59:28Z,NginxWorkerThreadStall,warning,ingress,prod-node-2:9100,resolved,111,no
2026-09-30T02:43:57Z,HighCPUUsage,warning,node-exporter,prod-node-3:9100,resolved,179,no
2026-09-30T03:11:53Z,HighCPUUsage,warning,node-exporter,prod-node-3:9100,resolved,128,no
2026-09-30T03:30:39Z,HighMemoryUsage,warning,node-exporter,prod-node-3:9100,resolved,34,no
2026-09-30T03:46:22Z,HTTPClientSlowLatency,warning,api-gateway,prod-node-1:9100,resolved,144,no
2026-09-30T05:19:28Z,TemporaryLockContention,warning,database,prod-node-2:9100,resolved,24,no
2026-09-30T07:19:00Z,HighCPUUsage,warning,node-exporter,prod-node-3:9100,resolved,129,no
2026-09-30T07:27:29Z,HighContextSwitches,info,system,prod-node-1:9100,resolved,135,no
2026-09-30T07:55:35Z,HighCPUUsage,warning,node-exporter,prod-node-1:9100,resolved,156,no
2026-09-30T09:35:55Z,DNSResolutionSlowSpike,warning,coredns,prod-node-3:9100,resolved,140,no
2026-09-30T09:57:07Z,HighCPUUsage,warning,node-exporter,prod-node-1:9100,resolved,162,no
2026-09-30T11:17:53Z,ContainerOOMKilledTransient,warning,app-worker,prod-node-3:9100,resolved,89,no
2026-09-30T11:53:43Z,HighMemoryUsage,warning,node-exporter,prod-node-3:9100,resolved,90,no
2026-09-30T12:52:01Z,DiskFillingFast,warning,node-exporter,prod-node-2:9100,resolved,29,no
2026-09-30T13:08:21Z,DiskFillingFast,warning,node-exporter,prod-node-1:9100,resolved,21,no
2026-09-30T13:49:34Z,NetworkReceiveDropRate,warning,network,prod-node-1:9100,resolved,60,no
2026-09-30T14:14:40Z,HighMemoryUsage,warning,node-exporter,prod-node-2:9100,resolved,121,no
2026-09-30T14:29:00Z,DNSResolutionSlowSpike,warning,coredns,prod-node-2:9100,resolved,61,no
2026-09-30T15:58:29Z,DiskFillingFast,warning,node-exporter,prod-node-3:9100,resolved,112,no
2026-09-30T16:16:19Z,HTTPClientSlowLatency,warning,api-gateway,prod-node-1:9100,resolved,167,no
2026-09-30T17:09:07Z,HighCPUUsage,warning,node-exporter,prod-node-3:9100,resolved,21,no
2026-09-30T18:11:27Z,ContainerOOMKilledTransient,warning,app-worker,prod-node-3:9100,resolved,65,no
2026-09-30T18:18:05Z,HTTPClientSlowLatency,warning,api-gateway,prod-node-2:9100,resolved,140,no
2026-09-30T18:18:16Z,HighCPUUsage,warning,node-exporter,prod-node-1:9100,resolved,124,no
2026-09-30T19:11:03Z,DiskFillingFast,warning,node-exporter,prod-node-2:9100,resolved,118,no
2026-09-30T21:51:01Z,DiskFillingFast,warning,node-exporter,prod-node-1:9100,resolved,39,no
2026-09-30T22:45:07Z,NginxWorkerThreadStall,warning,ingress,prod-node-3:9100,resolved,141,no
2026-09-30T22:46:56Z,NetworkReceiveDropRate,warning,network,prod-node-2:9100,resolved,34,no
2026-09-30T23:00:45Z,HighMemoryUsage,warning,node-exporter,prod-node-2:9100,resolved,171,no
2026-09-30T23:15:52Z,DNSResolutionSlowSpike,warning,coredns,prod-node-2:9100,resolved,49,no
2026-09-30T23:34:16Z,HTTPClientSlowLatency,warning,api-gateway,prod-node-2:9100,resolved,47,no
2026-10-01T00:43:47Z,HighMemoryUsage,warning,node-exporter,prod-node-2:9100,resolved,171,no
2026-10-01T02:01:22Z,HTTPClientSlowLatency,warning,api-gateway,prod-node-3:9100,resolved,141,no
2026-10-01T02:09:43Z,NetworkReceiveDropRate,warning,network,prod-node-3:9100,resolved,53,no
2026-10-01T04:04:08Z,DiskFillingFast,warning,node-exporter,prod-node-1:9100,resolved,151,no
2026-10-01T04:13:47Z,HighCPUUsage,warning,node-exporter,prod-node-3:9100,resolved,70,no
2026-10-01T05:27:52Z,HTTPClientSlowLatency,warning,api-gateway,prod-node-3:9100,resolved,135,no
2026-10-01T05:56:53Z,DNSResolutionSlowSpike,warning,coredns,prod-node-3:9100,resolved,113,no
2026-10-01T07:11:29Z,TemporaryLockContention,warning,database,prod-node-3:9100,resolved,81,no
2026-10-01T07:40:17Z,HighCPUUsage,warning,node-exporter,prod-node-2:9100,resolved,144,no
2026-10-01T08:23:18Z,TemporaryLockContention,warning,database,prod-node-3:9100,resolved,136,no
2026-10-01T10:36:28Z,HTTPClientSlowLatency,warning,api-gateway,prod-node-3:9100,resolved,24,no
2026-10-01T10:39:48Z,HighCPUUsage,warning,node-exporter,prod-node-1:9100,resolved,33,no
2026-10-01T12:57:10Z,DiskFillingFast,warning,node-exporter,prod-node-2:9100,resolved,137,no
2026-10-01T13:26:08Z,HTTPClientSlowLatency,warning,api-gateway,prod-node-3:9100,resolved,20,no
2026-10-01T13:35:08Z,TemporaryLockContention,warning,database,prod-node-1:9100,resolved,99,no
2026-10-01T14:36:28Z,NetworkReceiveDropRate,warning,network,prod-node-3:9100,resolved,93,no
2026-10-01T14:41:05Z,NginxWorkerThreadStall,warning,ingress,prod-node-1:9100,resolved,23,no
2026-10-01T15:10:32Z,HighMemoryUsage,warning,node-exporter,prod-node-3:9100,resolved,144,no
2026-10-01T16:43:36Z,TemporaryLockContention,warning,database,prod-node-3:9100,resolved,88,no
2026-10-01T19:18:20Z,TemporaryLockContention,warning,database,prod-node-1:9100,resolved,33,no
2026-10-01T19:49:21Z,ContainerOOMKilledTransient,warning,app-worker,prod-node-3:9100,resolved,164,no
2026-10-01T20:41:20Z,TemporaryLockContention,warning,database,prod-node-1:9100,resolved,141,no
2026-10-01T20:50:25Z,HighCPUUsage,warning,node-exporter,prod-node-2:9100,resolved,136,no
2026-10-01T22:32:50Z,DiskFillingFast,warning,node-exporter,prod-node-3:9100,resolved,144,no
2026-10-02T01:27:10Z,NetworkReceiveDropRate,warning,network,prod-node-1:9100,resolved,143,no
2026-10-02T02:05:56Z,NginxWorkerThreadStall,warning,ingress,prod-node-1:9100,resolved,85,no
2026-10-02T02:06:29Z,DiskFillingFast,warning,node-exporter,prod-node-3:9100,resolved,37,no
2026-10-02T02:15:25Z,HighCPUUsage,warning,node-exporter,prod-node-3:9100,resolved,21,no
2026-10-02T03:24:47Z,HighContextSwitches,info,system,prod-node-3:9100,resolved,108,no
2026-10-02T04:17:53Z,DiskFillingFast,warning,node-exporter,prod-node-3:9100,resolved,118,no
2026-10-02T05:54:37Z,HighMemoryUsage,warning,node-exporter,prod-node-1:9100,resolved,118,no
2026-10-02T06:08:55Z,DiskFillingFast,warning,node-exporter,prod-node-3:9100,resolved,154,no
2026-10-02T06:39:15Z,HighContextSwitches,info,system,prod-node-3:9100,resolved,172,no
2026-10-02T11:10:16Z,NginxWorkerThreadStall,warning,ingress,prod-node-3:9100,resolved,98,no
2026-10-02T11:28:07Z,NetworkReceiveDropRate,warning,network,prod-node-2:9100,resolved,56,no
2026-10-02T11:34:48Z,HighContextSwitches,info,system,prod-node-2:9100,resolved,84,no
2026-10-02T11:48:11Z,DiskFillingFast,warning,node-exporter,prod-node-2:9100,resolved,111,no
